first_name,last_name,address_line_1,address_line_2,city,state,zipcode,phone,email
Feodor,Atherton,06041 Morrow Pass,,Birmingham,AL,35210,205-207-9773,fatherton0@storify.com
Georgianne,Prenty,5 North Road,,Richmond,VA,23289,,gprenty1@imgur.com
Kinnie,Valencia,289 Trailsway Way,,Charlotte,NC,28205,704-618-4634,kvalencia2@cdc.gov
Niall,Starkings,1 Bultman Drive,,New York City,NY,10014,347-959-4214,nstarkings3@t-online.de
Rebe,Seago,0 Westend Street,PO Box 95666,Omaha,NE,68110,402-382-3235,rseago4@blinklist.com
Demetra,Blose,1780 Darwin Circle,,Columbus,GA,31904,706-541-8131,dblose5@e-recht24.de
Juli,O'Loughnan,6048 Coleman Point,,Tallahassee,FL,32399,850-501-8032,joloughnan6@multiply.com
Crosby,Spadelli,9 Messerschmidt Circle,,San Antonio,TX,78225,210-278-4093,cspadelli7@jiathis.com
Berenice,Cucinotta,723 Luster Road,Suite 60,Anchorage,AK,99599,907-616-3068,bcucinotta8@gov.uk
Barnaby,Lakin,80 Beilfuss Plaza,,Saint Petersburg,FL,33742,727-579-7503,blakin9@time.com
Carmencita,Halbard,33 Continental Point,,Monroe,LA,71213,,chalbarda@mapquest.com
Phoebe,Sleeford,6940 Mariners Cove Way,,Boulder,CO,80305,303-786-2661,psleefordb@dmoz.org
Edward,Camel,594 Claremont Court,,Colorado Springs,CO,80935,719-840-9077,ecamelc@xing.com
Morry,Kield,90741 Meadow Ridge Plaza,,Tampa,FL,33661,813-761-3648,mkieldd@addtoany.com
Trudi,Baselio,51446 Kenwood Avenue,,Spring,TX,77388,281-409-5058,tbaselioe@gizmodo.com
Joseito,Schulke,5361 Hoard Avenue,,New Haven,CT,06510,203-194-2752,jschulkef@tinyurl.com
Georgine,Durgan,3 Tony Street,,Young America,MN,55573,952-125-6410,gdurgang@walmart.com
Josselyn,Drakeford,399 Kim Drive,20th Floor,Des Moines,IA,50393,515-989-3042,jdrakefordh@merriam-webster.com
Enrico,Derham,6227 8th Road,2nd Floor,Davenport,IA,52809,563-240-2736,ederhami@jiathis.com
Mufinella,Ibeson,61740 Northview Park,PO Box 91320,Sarasota,FL,34276,941-597-5415,mibesonj@technorati.com
Britney,Twinn,4799 Southridge Lane,,Spartanburg,SC,29305,,btwinnk@bbc.co.uk
Arleta,Bruniges,8 Park Meadow Court,,Lancaster,PA,17605,717-687-6227,abrunigesl@51.la
Corri,Booler,4 Crest Line Parkway,,Winston Salem,NC,27157,336-909-5023,cboolerm@blogtalkradio.com
Lou,Stather,43 Grayhawk Alley,,Greeley,CO,80638,970-886-9297,lstathern@timesonline.co.uk
Obadias,Berthome,42503 Petterle Street,,Knoxville,TN,37914,865-920-6438,oberthomeo@blogger.com
Daisie,Sallier,0845 Anthes Road,,Hartford,CT,06120,860-449-8337,dsallierp@amazonaws.com
Dillie,Sommerlin,7086 Fulton Hill,,Grand Rapids,MI,49560,,dsommerlinq@4shared.com
Noak,Pady,6921 Elmside Place,,Houston,TX,77080,713-373-1716,npadyr@delicious.com
Tootsie,Kline,169 Westport Park,,Santa Fe,NM,87592,505-494-3929,tklines@comsenz.com
Casper,Wilmot,0003 Lakewood Gardens Road,,Las Vegas,NV,89125,,cwilmott@cnet.com
Ryley,Kleinsmuntz,2 Southridge Hill,,Kansas City,MO,64149,816-968-6939,rkleinsmuntzu@homestead.com
Winifred,Easun,733 Valley Edge Hill,PO Box 39846,Cincinnati,OH,45208,513-286-5493,weasunv@linkedin.com
Beauregard,Castard,840 Shelley Plaza,,Charleston,SC,29424,843-359-1601,bcastardw@theatlantic.com
Sumner,Philipeaux,1 Weeping Birch Center,,Birmingham,AL,35205,205-112-0699,sphilipeauxx@nymag.com
Bee,World,2660 Michigan Avenue,Room 1718,Iowa City,IA,52245,,bworldy@wikimedia.org
Theresita,Rucklesse,30 Florence Circle,,Decatur,GA,30089,,trucklessez@purevolume.com
Christoffer,L'Episcopio,958 Hovde Trail,Room 68,San Jose,CA,95118,408-557-4289,clepiscopio10@huffingtonpost.com
Josey,Georgel,7 Ludington Lane,,Decatur,GA,30033,,jgeorgel11@npr.org
Gerianne,Coghlin,9 Mcbride Drive,Room 66,Mc Keesport,PA,15134,412-163-7329,gcoghlin12@sciencedirect.com
Sterling,Walkowski,42839 Weeping Birch Parkway,,Wilmington,DE,19810,302-648-1961,swalkowski13@webeden.co.uk
Josee,Bolding,6819 Mifflin Parkway,,Tampa,FL,33661,813-778-9603,jbolding14@123-reg.co.uk
Deloris,Baldry,7275 Melrose Road,,Longview,TX,75605,903-540-1429,dbaldry15@ycombinator.com
Cathrin,Limpenny,20332 Montana Plaza,,Orlando,FL,32859,407-582-6905,climpenny16@blinklist.com
Pauly,Feldharker,60 Crowley Drive,,Harrisburg,PA,17105,,pfeldharker17@craigslist.org
Catina,McEntee,8608 Namekagon Pass,,Los Angeles,CA,90030,,cmcentee18@google.es
Jessalin,Ardron,7 Memorial Street,,Chandler,AZ,85246,602-272-8602,jardron19@answers.com
Ossie,Heal,11184 Vernon Parkway,,Phoenix,AZ,85010,,oheal1a@wp.com
Adair,Tott,814 Clarendon Alley,,Lynchburg,VA,24503,434-149-8179,atott1b@cnn.com
Hailee,Reeds,51831 Portage Parkway,,Louisville,KY,40256,502-176-7758,hreeds1c@rambler.ru
Haydon,Staff,326 Westerfield Place,,Billings,MT,59112,406-995-0542,hstaff1d@artisteer.com
Fredek,Lowth,6949 Atwood Terrace,Room 677,Knoxville,TN,37914,865-606-2090,flowth1e@stanford.edu
Britta,Le Fleming,08204 Weeping Birch Parkway,,Austin,TX,78744,512-145-7068,blefleming1f@biblegateway.com
Taryn,Millington,89374 Sullivan Terrace,Suite 5,Bryan,TX,77806,979-490-8541,tmillington1g@cdbaby.com
Gay,Masedon,27 Spaight Plaza,,El Paso,TX,79928,915-201-4351,gmasedon1h@creativecommons.org
Salem,Moppett,86 Sunfield Terrace,,Pompano Beach,FL,33069,754-335-3621,smoppett1i@photobucket.com
Alane,Kenzie,2 Butterfield Parkway,Apt 727,Corpus Christi,TX,78415,361-425-9420,akenzie1j@ocn.ne.jp
Petronille,Pestell,41 Brickson Park Trail,,Philadelphia,PA,19136,,ppestell1k@dedecms.com
Dewie,Northway,087 Debs Drive,,Lake Worth,FL,33467,561-796-7436,dnorthway1l@privacy.gov.au
Kynthia,Branca,83524 Grim Lane,,Sioux Falls,SD,57110,605-856-3488,kbranca1m@liveinternet.ru
Edvard,Yves,99597 Trailsway Center,,Los Angeles,CA,90050,213-988-5600,eyves1n@unc.edu
Jonah,Ferandez,68 Norway Maple Pass,,Los Angeles,CA,90050,,jferandez1o@pinterest.com
Joann,Fallon,3 Utah Place,,San Bernardino,CA,92410,909-607-9763,jfallon1p@umich.edu
Dredi,Surguine,8651 Redwing Pass,,Frederick,MD,21705,,dsurguine1q@blogger.com
Cornie,Wetherald,518 Sheridan Junction,,East Saint Louis,IL,62205,,cwetherald1r@ifeng.com
Raimundo,Earland,1 Marquette Junction,,Akron,OH,44315,330-972-8534,rearland1s@gnu.org
Klarika,Potter,79781 Carpenter Park,,Toledo,OH,43610,419-607-4494,kpotter1t@weather.com
Mord,Gaitskill,04 Rieder Street,,Macon,GA,31296,478-279-6063,mgaitskill1u@thetimes.co.uk
Paton,English,3 Linden Pass,,Brooklyn,NY,11236,917-417-3511,penglish1v@sciencedirect.com
Natalee,Egdal,1570 Rieder Plaza,,Bakersfield,CA,93311,661-565-5404,negdal1w@friendfeed.com
Cecelia,Hinrichs,97 Macpherson Place,Suite 21,Miami,FL,33245,786-776-1241,chinrichs1x@cbsnews.com
Wolf,Kneeland,34262 Hallows Pass,,Tacoma,WA,98481,253-197-4522,wkneeland1y@noaa.gov
Pamelina,Bettam,680 Warrior Parkway,,Fresno,CA,93721,209-545-7020,pbettam1z@wix.com
Harv,Revelle,8 Sheridan Park,,Clearwater,FL,34615,,hrevelle20@canalblog.com
Hannis,Wisden,40577 Brown Park,,San Francisco,CA,94132,415-460-5844,hwisden21@instagram.com
Kingsly,Carthew,7604 Onsgard Circle,,Alhambra,CA,91841,626-976-2904,kcarthew22@apple.com
Raina,Karpeev,8 Bartillon Hill,,El Paso,TX,88514,915-735-1255,rkarpeev23@salon.com
Lowell,Albers,57 Center Road,,Mobile,AL,36605,,lalbers24@cloudflare.com
Wilhelmina,Shekle,5444 Florence Lane,,Albany,NY,12227,518-400-4047,wshekle25@1688.com
Darrel,Lomasney,1835 Heath Terrace,,Baltimore,MD,21239,410-698-6090,dlomasney26@delicious.com
Ulises,Zorer,68164 Homewood Park,,Dallas,TX,75210,,uzorer27@issuu.com
Ricky,Prosek,4 Dryden Circle,,Saint Louis,MO,63116,314-921-3044,rprosek28@hud.gov
Sol,Krammer,444 Crest Line Pass,,Winston Salem,NC,27150,336-272-0993,skrammer29@newyorker.com
Quinn,Oxburgh,2793 American Plaza,Room 962,Denver,CO,80279,303-573-4542,qoxburgh2a@eventbrite.com
Cybill,Monnery,01 Arrowood Crossing,,Erie,PA,16522,,cmonnery2b@w3.org
Miner,Bartlett,3 Brown Park,,Orlando,FL,32835,,mbartlett2c@vinaora.com
Isaak,Hrinishin,20955 Brown Crossing,,Amarillo,TX,79159,,ihrinishin2d@gnu.org
Devonna,Wakenshaw,85742 Kim Court,,Saint Paul,MN,55172,651-753-3091,dwakenshaw2e@fotki.com
Orel,Sodor,21 Duke Road,,Little Rock,AR,72222,501-798-0697,osodor2f@umn.edu
Antons,Peet,50 Walton Alley,,Honolulu,HI,96820,808-482-2669,apeet2g@bluehost.com
Lars,Aim,85218 Marcy Road,,Trenton,NJ,08695,609-341-3088,laim2h@topsy.com
Skylar,Simone,18 Blue Bill Park Drive,,Burbank,CA,91520,,ssimone2i@is.gd
Abelard,Tersay,6090 Village Green Point,,Dallas,TX,75353,214-216-8228,atersay2j@free.fr
Antonietta,Betjes,8 Blue Bill Park Junction,7th Floor,Missoula,MT,59806,406-782-9326,abetjes2k@technorati.com
Shayna,Frowde,8691 Dahle Avenue,PO Box 38721,Prescott,AZ,86305,928-766-9129,sfrowde2l@barnesandnoble.com
Dru,Hathaway,27 Pankratz Alley,,Kansas City,MO,64160,816-202-2395,dhathaway2m@nasa.gov
Letti,Antunez,2 Monica Crossing,,New York City,NY,10249,212-868-8495,lantunez2n@msu.edu
Filbert,Morgan,36 Bluejay Parkway,,Henderson,NV,89012,702-385-3289,fmorgan2o@ovh.net
Myrtia,Torr,9892 Westend Trail,,Cleveland,OH,44111,,mtorr2p@people.com.cn
Dix,Ritch,94178 Ilene Way,,Fort Worth,TX,76198,,dritch2q@histats.com
Meyer,Glanton,42761 Bay Point,,El Paso,TX,79923,915-230-0124,mglanton2r@miitbeian.gov.cn
Dur,MacAdam,45878 Hazelcrest Point,,Saint Paul,MN,55188,651-437-7226,dmacadam2s@businesswire.com
Babara,Neeve,75390 Forest Hill,,Fargo,ND,58106,701-357-1608,bneeve2t@sogou.com
Sophey,Scoates,63119 Ramsey Terrace,,Sarasota,FL,34276,941-913-4853,sscoates2u@craigslist.org
Murray,Helder,215 Sutherland Crossing,,Portland,OR,97211,,mhelder2v@reddit.com
Paule,Krzyzowski,7 3rd Lane,,Washington,DC,20520,202-537-0072,pkrzyzowski2w@phpbb.com
Muffin,Serot,70610 Forest Hill,,Sacramento,CA,94245,916-592-3000,mserot2x@npr.org
Swen,Hardeman,09 Charing Cross Court,,Memphis,TN,38114,901-512-1587,shardeman2y@amazonaws.com
Nikolia,Drewery,90 Continental Pass,,Portland,OR,97271,971-195-5757,ndrewery2z@multiply.com
Ira,Castree,04983 Grover Court,,Topeka,KS,66629,785-136-7371,icastree30@toplist.cz
Beckie,McCutheon,55 Westerfield Avenue,,Boynton Beach,FL,33436,561-993-1522,bmccutheon31@technorati.com
Bartel,Henriquet,1 Porter Parkway,,San Diego,CA,92186,619-291-5752,bhenriquet32@e-recht24.de
Rutger,Loren,6 Acker Street,,Washington,DC,20404,202-577-2593,rloren33@buzzfeed.com
Mortimer,Lowey,797 Huxley Pass,,Montgomery,AL,36104,334-423-1420,mlowey34@devhub.com
Waring,Scaife,8 Loeprich Alley,,New York City,NY,10009,917-749-8210,wscaife35@edublogs.org
Addy,Incogna,50 Dakota Center,,San Diego,CA,92145,,aincogna36@deviantart.com
Fanchette,Prium,1 Village Green Lane,,Santa Fe,NM,87505,505-113-0354,fprium37@eepurl.com
Rebecka,Colgan,6557 Sunfield Circle,PO Box 65145,Louisville,KY,40210,502-639-4947,rcolgan38@ucla.edu
Aloisia,Mayger,81450 Glacier Hill Hill,,Grand Rapids,MI,49510,,amayger39@ft.com
Lucias,Lossman,534 Mallory Park,Apt 620,Shreveport,LA,71130,,llossman3a@umich.edu
Kennan,Bascomb,5332 Maywood Circle,Suite 69,Peoria,AZ,85383,928-971-9922,kbascomb3b@epa.gov
Phip,Dudderidge,11792 Emmet Center,,Chicago,IL,60641,312-205-8743,pdudderidge3c@walmart.com
Lorena,Capaldo,6674 Roth Place,,Oklahoma City,OK,73190,405-313-8944,lcapaldo3d@ask.com
Layton,Nerheny,6 Cascade Park,,Hamilton,OH,45020,937-228-2667,lnerheny3e@mozilla.org
Margit,Zumbusch,33469 Graceland Avenue,,Minneapolis,MN,55436,952-241-9943,mzumbusch3f@fotki.com
Garreth,Bankes,34 Pine View Avenue,,Richmond,VA,23213,,gbankes3g@canalblog.com
Geoffry,Tiler,74964 Kennedy Parkway,,Baton Rouge,LA,70810,225-934-2854,gtiler3h@fotki.com
Jenica,Springer,009 Autumn Leaf Avenue,,Roanoke,VA,24040,,jspringer3i@ihg.com
Hendrik,Agirre,5135 John Wall Circle,,Kansas City,MO,64149,816-544-3647,hagirre3j@techcrunch.com
Hansiain,Moyle,034 New Castle Terrace,,Jackson,MS,39296,601-526-7719,hmoyle3k@tiny.cc
Eric,Scopyn,4 High Crossing Road,,Santa Ana,CA,92725,714-272-4902,escopyn3l@forbes.com
Milka,Kimmitt,01 Golf Course Lane,,Saint Louis,MO,63131,314-119-6076,mkimmitt3m@xing.com
Taffy,Hoggins,4357 Green Ridge Circle,,New York City,NY,10060,,thoggins3n@canalblog.com
Kally,Stannas,23374 Declaration Place,,Sacramento,CA,94263,916-785-6592,kstannas3o@earthlink.net
Pacorro,Liebermann,66 Eagle Crest Road,,Spokane,WA,99210,509-593-0876,pliebermann3p@mashable.com
Dimitry,O'Gleasane,43968 Pierstorff Point,,New York City,NY,10203,212-232-6996,dogleasane3q@macromedia.com
Violante,Macellar,34 Old Shore Hill,,College Station,TX,77844,,vmacellar3r@illinois.edu
Myra,Knowling,6373 Di Loreto Pass,,Wichita,KS,67220,316-192-5748,mknowling3s@cdbaby.com
Shawna,Filipovic,5 Sage Road,,Omaha,NE,68134,402-440-3010,sfilipovic3t@yale.edu
Gothart,Pleat,7 Eastwood Plaza,18th Floor,Salt Lake City,UT,84189,801-604-5803,gpleat3u@shinystat.com
Leisha,Kochs,14 Jay Avenue,,Brea,CA,92822,714-529-7011,lkochs3v@blogger.com
Burk,Burras,1 Northwestern Circle,,Milwaukee,WI,53225,,bburras3w@youtu.be
Pippy,Brock,24 Clarendon Road,,Sparks,NV,89436,,pbrock3x@imdb.com
Niki,Eagger,28 Northwestern Crossing,Room 1445,Odessa,TX,79769,,neagger3y@symantec.com
Dee,Doring,24 Longview Parkway,,Huntington Beach,CA,92648,949-854-0417,ddoring3z@telegraph.co.uk
Rinaldo,Szanto,06 Fremont Place,,San Jose,CA,95155,408-984-5784,rszanto40@vk.com
Damita,Fawthorpe,9 Hagan Point,,Newton,MA,02162,508-333-2870,dfawthorpe41@elegantthemes.com
Vinny,Hellmer,50 Upham Lane,,Buffalo,NY,14276,,vhellmer42@boston.com
Rice,Rodder,394 Delaware Alley,,Denver,CO,80255,,rrodder43@livejournal.com
Ulric,Andrat,015 Nobel Court,,Des Moines,IA,50393,515-136-5647,uandrat44@wikispaces.com
Stearne,Ryland,2 Fairfield Drive,,Tyler,TX,75705,,sryland45@skype.com
Katina,Scholfield,53 Dwight Plaza,,Miami,FL,33175,,kscholfield46@weebly.com
Allsun,Martinat,02 Esch Circle,Suite 99,Dayton,OH,45432,937-673-7170,amartinat47@privacy.gov.au
Abran,Fielding,7 Manitowish Terrace,,Fresno,CA,93721,,afielding48@angelfire.com
Easter,Chiplen,21 Arkansas Junction,,Saint Louis,MO,63121,,echiplen49@mail.ru
Katuscha,O'Donoghue,21 Brentwood Hill,,Peoria,IL,61635,309-676-5396,kodonoghue4a@europa.eu
Jo-ann,Seale,38 Lyons Plaza,,Waterbury,CT,06705,203-192-7358,jseale4b@state.tx.us
Tore,Summerlad,5 Hollow Ridge Crossing,,Alhambra,CA,91841,626-432-5035,tsummerlad4c@patch.com
Ailene,Wannell,58 Karstens Junction,,Santa Ana,CA,92725,,awannell4d@hatena.ne.jp
Inness,Seymark,129 Hollow Ridge Point,,Saint Cloud,MN,56398,320-588-6991,iseymark4e@oracle.com
Townie,Caldaro,34866 Bay Parkway,,Joliet,IL,60435,815-643-2900,tcaldaro4f@apache.org
Christie,Cardow,538 Clyde Gallagher Road,,Saint Petersburg,FL,33731,727-917-8702,ccardow4g@seattletimes.com
Vinnie,Wingrove,29695 Lillian Hill,,Lubbock,TX,79410,,vwingrove4h@feedburner.com
Debor,Wines,79333 Kings Alley,3rd Floor,San Francisco,CA,94169,415-223-6048,dwines4i@slate.com
Orelia,Keble,938 Menomonie Trail,,Hartford,CT,06183,860-350-0368,okeble4j@skype.com
Dael,Garrie,56017 Jana Junction,,Durham,NC,27705,434-797-9774,dgarrie4k@spotify.com
Else,Varfolomeev,58 Katie Pass,,Richmond,VA,23208,804-303-0104,evarfolomeev4l@woothemes.com
Merola,Juste,45 Esch Avenue,,Columbus,GA,31998,,mjuste4m@cargocollective.com
Angelle,Caro,78663 Oxford Parkway,,Tuscaloosa,AL,35487,205-498-0096,acaro4n@reverbnation.com
Izzy,Potapczuk,82682 Macpherson Circle,,Louisville,KY,40233,502-251-2695,ipotapczuk4o@skype.com
Barclay,McVey,194 Dahle Hill,,Nashville,TN,37240,615-777-6090,bmcvey4p@noaa.gov
Zaria,Havenhand,41426 Hoepker Avenue,PO Box 1697,Minneapolis,MN,55446,952-722-6656,zhavenhand4q@miibeian.gov.cn
Emmi,McCorry,34 Londonderry Junction,,Houston,TX,77206,713-411-6127,emccorry4r@census.gov
Lorne,Heenan,6 Dakota Trail,,Springfield,IL,62705,217-133-5599,lheenan4s@about.com
Lucila,Laugheran,5 Butternut Drive,,Sacramento,CA,95813,916-217-0255,llaugheran4t@theglobeandmail.com
Anitra,Sabatini,16 Moose Plaza,,El Paso,TX,79928,915-294-2179,asabatini4u@illinois.edu
Ernie,Beatens,3392 Sunfield Park,,Norfolk,VA,23514,757-609-0236,ebeatens4v@unc.edu
Jecho,Bromley,581 Banding Alley,,Rockville,MD,20851,240-815-7477,jbromley4w@gmpg.org
Jake,Greensides,262 Sunbrook Place,Suite 13,Naples,FL,33961,305-947-3597,jgreensides4x@auda.org.au
Augusto,Thoumas,58636 Johnson Point,,Des Moines,IA,50393,,athoumas4y@odnoklassniki.ru
Warden,Hauxwell,19098 Memorial Parkway,,Trenton,NJ,08603,609-210-8754,whauxwell4z@dot.gov
Alano,Birks,35 Graedel Avenue,,Evansville,IN,47705,,abirks50@myspace.com
Delaney,Fayerman,804 Pine View Court,,Cincinnati,OH,45233,513-711-9949,dfayerman51@simplemachines.org
Clo,Tonry,69 Eggendart Park,,Los Angeles,CA,90071,424-947-7128,ctonry52@prweb.com
Josefa,Lindwall,51 Lakeland Drive,Apt 349,Akron,OH,44305,,jlindwall53@sogou.com
Francisco,Thomann,6 Ruskin Plaza,,Grand Forks,ND,58207,701-474-1296,fthomann54@about.com
Emmalyn,Kensington,22 Birchwood Pass,,Grand Junction,CO,81505,970-104-7298,ekensington55@technorati.com
Adamo,Bust,884 Larry Trail,PO Box 76021,Fredericksburg,VA,22405,540-405-1118,abust56@usa.gov
Nady,Summerhayes,75904 La Follette Pass,Room 1274,Fort Wayne,IN,46825,260-469-6367,nsummerhayes57@hc360.com
Nicki,Linnock,086 Mcbride Point,,Des Moines,IA,50310,515-991-0788,nlinnock58@intel.com
Danni,Martygin,47 Burning Wood Plaza,,San Jose,CA,95173,408-417-1199,dmartygin59@slashdot.org
Annabell,Nijssen,9021 Granby Plaza,,Washington,DC,20210,,anijssen5a@ucoz.com
Margarethe,Tootell,2554 Gina Point,,Rochester,MN,55905,507-672-0329,mtootell5b@upenn.edu
Doy,MacGillavery,71766 Northland Street,,Dallas,TX,75372,214-535-2135,dmacgillavery5c@angelfire.com
Sasha,Need,6523 Laurel Drive,,Saint Louis,MO,63121,314-395-4626,sneed5d@cdc.gov
Whitney,Pensom,95 Farwell Crossing,,Washington,DC,20205,202-182-0259,wpensom5e@paypal.com
Cher,Bromwich,3557 Talisman Junction,,Arlington,TX,76004,817-363-2468,cbromwich5f@myspace.com
Ferdinanda,Boydon,0758 Namekagon Circle,,Tacoma,WA,98442,,fboydon5g@diigo.com
Annette,Darbyshire,09 Arkansas Alley,,Washington,DC,20057,202-830-0418,adarbyshire5h@columbia.edu
Rodi,Pinder,048 Lakewood Gardens Way,,Bridgeport,CT,06673,203-151-8910,rpinder5i@soup.io
Sayer,O'Keevan,99 Miller Point,,Tucson,AZ,85732,520-719-1550,sokeevan5j@issuu.com
Erhard,Vouls,1 Hallows Parkway,,Tacoma,WA,98447,253-694-7726,evouls5k@histats.com
Barbabra,Eyden,046 Katie Street,,Tucson,AZ,85720,,beyden5l@livejournal.com
Mariel,Areles,17 Blaine Avenue,,Irving,TX,75037,214-670-3853,mareles5m@comsenz.com
Kimball,Schermick,1719 Spohn Pass,,Atlanta,GA,30328,770-978-9965,kschermick5n@newyorker.com
Beckie,Teresi,6 Straubel Hill,PO Box 68594,Atlanta,GA,30356,404-240-5274,bteresi5o@studiopress.com
Rodd,Mafham,2 Del Sol Crossing,,New York City,NY,10060,646-974-2212,rmafham5p@deviantart.com
Chickie,Jeayes,5189 Homewood Terrace,,Indianapolis,IN,46202,765-307-9800,cjeayes5q@youtube.com
Aime,Fruchter,2 Sommers Alley,,Mobile,AL,36689,,afruchter5r@prnewswire.com
Winifred,Danaher,095 Warner Hill,,Atlanta,GA,30340,770-819-0331,wdanaher5s@jigsy.com
Jeno,MacAscaidh,05163 Granby Drive,,Canton,OH,44760,,jmacascaidh5t@hostgator.com
Brian,Caddell,841 Pearson Drive,,Naples,FL,34114,,bcaddell5u@artisteer.com
Selina,Beatson,54087 Mayer Plaza,,Bellevue,WA,98008,,sbeatson5v@elegantthemes.com
Stanislas,Wray,4 Waubesa Alley,,Brooklyn,NY,11247,212-529-2351,swray5w@ifeng.com
Taffy,Oven,467 Mayfield Drive,,Washington,DC,20319,202-131-3555,toven5x@shop-pro.jp
Jo,De Paoli,273 Havey Lane,,Madison,WI,53779,,jdepaoli5y@ovh.net
Doralia,Sparway,9806 Maple Trail,PO Box 30518,Lynn,MA,01905,617-730-3341,dsparway5z@ask.com
Rianon,Wand,85 Northland Place,,New York City,NY,10260,212-836-6691,rwand60@bloglovin.com
Hurleigh,Sacchetti,9 Straubel Point,,Sacramento,CA,94207,916-429-1889,hsacchetti61@slashdot.org
Crystie,Vasyunichev,3 Duke Alley,,New York City,NY,10009,718-287-9331,cvasyunichev62@vinaora.com
Yard,Boother,07 Namekagon Parkway,,Kansas City,MO,64136,816-368-6680,yboother63@last.fm
Elsinore,Pigram,5 Swallow Drive,,Baltimore,MD,21290,,epigram64@cmu.edu
Elyssa,Hearfield,67 Mendota Lane,,Chicago,IL,60663,312-211-4844,ehearfield65@ameblo.jp
Lizzy,Collimore,20 Victoria Place,,Appleton,WI,54915,920-611-6535,lcollimore66@mlb.com
Chelsie,Dicke,213 Green Ridge Trail,10th Floor,Billings,MT,59105,406-820-0538,cdicke67@last.fm
Benji,Kemwall,08621 Jackson Alley,,Aiken,SC,29805,803-171-5057,bkemwall68@theguardian.com
Ranique,Griffith,71058 Schiller Alley,9th Floor,Mobile,AL,36616,251-116-3066,rgriffith69@google.cn
Julietta,Pusey,6 Nobel Terrace,PO Box 84826,Fort Lauderdale,FL,33310,754-373-1760,jpusey6a@bandcamp.com
Burtie,Asple,117 Jay Way,,Orlando,FL,32825,,basple6b@state.gov
Trent,Weblin,72841 Pepper Wood Lane,,Denver,CO,80255,720-962-1021,tweblin6c@sciencedaily.com
Shea,Donoghue,096 Northport Trail,,Baltimore,MD,21216,410-512-5618,sdonoghue6d@skyrock.com
Burtie,Toyne,4 Lindbergh Avenue,Suite 72,Syracuse,NY,13251,,btoyne6e@gizmodo.com
Whitaker,Van T'Hoog,730 Manley Circle,,Washington,DC,20551,202-924-7866,wvanthoog6f@tuttocitta.it
Charity,Gingell,556 Truax Way,,New Hyde Park,NY,11044,,cgingell6g@live.com
Barclay,Kingston,1 Hagan Junction,,Santa Fe,NM,87592,505-417-4516,bkingston6h@buzzfeed.com
Cori,Speck,2040 Sunbrook Center,,Columbus,OH,43204,614-419-2985,cspeck6i@myspace.com
Mychal,Delve,09742 Colorado Alley,,Shawnee Mission,KS,66205,816-889-1570,mdelve6j@pen.io
Gawain,Conkie,96174 Portage Parkway,,Trenton,NJ,08638,609-251-5220,gconkie6k@naver.com
Sloane,Feely,9 Northridge Hill,,San Antonio,TX,78220,210-404-3123,sfeely6l@shinystat.com
Cicely,Kleinsmuntz,61053 Bashford Way,,Lakeland,FL,33805,863-242-3436,ckleinsmuntz6m@people.com.cn
Gilberte,Impy,4533 Carioca Park,,Mobile,AL,36622,251-868-9379,gimpy6n@about.com
Niven,Brotherhead,220 Blaine Center,,Palmdale,CA,93591,661-240-3805,nbrotherhead6o@geocities.jp
Royce,Bowden,3336 Browning Point,Apt 539,Mobile,AL,36628,251-103-8317,rbowden6p@dailymail.co.uk
Oralle,Jahnel,71 Carey Drive,,Jackson,MS,39210,601-741-4915,ojahnel6q@elegantthemes.com
Marwin,Tocher,41 Eggendart Circle,,Richmond,VA,23289,804-229-2627,mtocher6r@mediafire.com
Barbabas,Geindre,912 Fairview Center,,Mobile,AL,36622,251-279-4693,bgeindre6s@home.pl
Brewster,Kisby,63 Hanson Road,,Tacoma,WA,98442,253-541-3957,bkisby6t@usa.gov
Nye,Phython,0 Cottonwood Junction,,El Paso,TX,79905,,nphython6u@nyu.edu
Opalina,Beacon,682 Southridge Circle,,Arlington,TX,76004,817-305-5409,obeacon6v@adobe.com
Earlie,Yegorkov,881 Waxwing Center,,Monticello,MN,55565,763-274-5893,eyegorkov6w@dmoz.org
Thayne,Innett,1294 Atwood Terrace,,Bozeman,MT,59771,406-495-6464,tinnett6x@homestead.com
Berk,Dillinton,12760 Independence Hill,,Saginaw,MI,48604,989-188-3593,bdillinton6y@purevolume.com
Chloris,Polendine,615 Namekagon Junction,,Bradenton,FL,34205,941-336-8380,cpolendine6z@theguardian.com
Willy,Saffran,73 Londonderry Place,,Columbus,OH,43226,614-836-7631,wsaffran70@umn.edu
Revkah,Espinel,7 Dahle Crossing,Apt 741,El Paso,TX,79928,,respinel71@soup.io
Bartholomeo,Abarough,4 Mosinee Lane,,Orlando,FL,32825,954-397-7487,babarough72@feedburner.com
Dirk,Bencher,2514 Browning Drive,,Hartford,CT,06160,,dbencher73@si.edu
Heloise,Whicher,0642 Forest Run Lane,,Provo,UT,84605,801-654-8439,hwhicher74@umn.edu
Jackqueline,Ramsby,50867 Burning Wood Street,,Peoria,IL,61651,309-582-1524,jramsby75@discovery.com
Costa,Wilford,20116 Northland Circle,Room 724,Boise,ID,83727,208-902-0079,cwilford76@oaic.gov.au
Benedikt,Sapey,4405 Veith Terrace,,Bronx,NY,10474,718-318-1191,bsapey77@bizjournals.com
Woodie,Montez,33 Harper Road,,Miami,FL,33158,786-151-9932,wmontez78@weebly.com
Devonne,Hartright,5 Fuller Trail,,Round Rock,TX,78682,512-330-5573,dhartright79@opera.com
Charline,Attrey,36463 Corben Drive,,Lincoln,NE,68524,,cattrey7a@accuweather.com
Aldin,Goodband,266 Bonner Plaza,,Tucson,AZ,85743,520-641-4780,agoodband7b@ask.com
Alair,Trillo,2 Thackeray Lane,,Billings,MT,59105,406-774-8005,atrillo7c@auda.org.au
Allina,Drysdell,6464 Hollow Ridge Avenue,,Wilmington,DE,19892,302-336-3053,adrysdell7d@cisco.com
Dare,Lithgow,59 Gina Hill,,Minneapolis,MN,55458,612-804-0349,dlithgow7e@wikispaces.com
Bridie,Keig,6194 Columbus Court,,San Antonio,TX,78255,210-406-6008,bkeig7f@com.com
Cyndi,Lugsdin,982 Prairie Rose Road,,Huntington,WV,25726,,clugsdin7g@archive.org
Leonidas,Pedden,36923 Hayes Point,,Tulsa,OK,74170,918-407-9897,lpedden7h@cargocollective.com
Jordan,McCrory,3673 Hudson Plaza,,Spartanburg,SC,29319,864-525-7600,jmccrory7i@weibo.com
Gnni,Cottom,5964 Park Meadow Drive,,Charlottesville,VA,22903,540-530-9446,gcottom7j@kickstarter.com
Cinda,Crampin,999 Linden Avenue,,Cleveland,OH,44105,216-905-4612,ccrampin7k@dion.ne.jp
Francoise,Wey,0941 Fairfield Trail,PO Box 88265,Reno,NV,89505,775-628-2016,fwey7l@comsenz.com
Dominik,Cator,60730 Morrow Crossing,,Chicago,IL,60619,312-749-9269,dcator7m@aol.com
Perl,Creavan,4739 Bashford Drive,,Aurora,CO,80044,303-669-0916,pcreavan7n@istockphoto.com
Ricki,Sellner,0 Cardinal Park,,Petaluma,CA,94975,707-231-1112,rsellner7o@cargocollective.com
Josselyn,Etty,84765 Mcguire Point,,Tulsa,OK,74149,918-509-0792,jetty7p@berkeley.edu
Chickie,Kingaby,7436 Nancy Drive,,Carson City,NV,89706,775-254-2957,ckingaby7q@scribd.com
Ward,Dutt,39539 Rockefeller Lane,,El Paso,TX,79923,915-918-3575,wdutt7r@wp.com
Nelie,Schlagman,5334 Mesta Way,,Denver,CO,80223,303-255-4963,nschlagman7s@netlog.com
Nicky,Ellicombe,37 Heffernan Way,,Topeka,KS,66629,785-189-1563,nellicombe7t@aol.com
Christa,Jeans,90487 Orin Road,,Chattanooga,TN,37410,423-240-4562,cjeans7u@slashdot.org
Tessie,Eliaz,89 Troy Drive,,Falls Church,VA,22047,571-921-9078,teliaz7v@diigo.com
Virgil,Fairleigh,65 Sage Trail,,Charlotte,NC,28284,704-697-4199,vfairleigh7w@360.cn
Zedekiah,Husbands,788 Mcbride Terrace,,Philadelphia,PA,19125,,zhusbands7x@cbslocal.com
Annis,Fallowfield,6 Hazelcrest Court,,Austin,TX,78778,,afallowfield7y@vkontakte.ru
Edgardo,Jeroch,57005 Hazelcrest Alley,Room 1315,Memphis,TN,38131,901-986-7087,ejeroch7z@walmart.com
Nichole,Treleven,962 Lawn Hill,,Atlanta,GA,30316,404-340-1144,ntreleven80@cafepress.com
Hurlee,Lomond,50185 Farmco Junction,,Syracuse,NY,13205,315-110-3543,hlomond81@mozilla.org
Mayer,Clohisey,6473 Lakewood Gardens Point,,Montgomery,AL,36195,,mclohisey82@mapy.cz
Miles,McGuiney,01 Golf Course Plaza,,Knoxville,TN,37924,865-102-8230,mmcguiney83@ow.ly
Maddie,Yarranton,10414 Prairieview Terrace,,Raleigh,NC,27658,919-623-6674,myarranton84@umich.edu
Orelie,Knightsbridge,403 Swallow Terrace,PO Box 3320,Madison,WI,53726,608-701-8806,oknightsbridge85@youku.com
Sidonnie,William,0 Oak Point,,Tacoma,WA,98442,253-659-5862,swilliam86@instagram.com
Nanni,Casillas,1000 Butterfield Way,,Cleveland,OH,44111,,ncasillas87@over-blog.com
Emerson,Ewing,0 Goodland Junction,,Fresno,CA,93726,209-557-1643,eewing88@kickstarter.com
Bone,Larn,3049 Mcbride Park,,Harrisburg,PA,17126,717-734-3536,blarn89@google.ca
Sayer,Heindrick,2 Eastwood Way,,Petaluma,CA,94975,707-642-0080,sheindrick8a@ibm.com
Trix,Scorthorne,532 Badeau Avenue,,New Orleans,LA,70165,,tscorthorne8b@nsw.gov.au
Veronike,Dudleston,494 Petterle Way,,Lexington,KY,40524,859-341-0036,vdudleston8c@seattletimes.com
Liuka,Camlin,8717 Blaine Avenue,,Modesto,CA,95354,559-770-6164,lcamlin8d@shop-pro.jp
Belita,Corck,3 Sycamore Terrace,,Hyattsville,MD,20784,301-914-2867,bcorck8e@bing.com
Denise,Simonitto,63532 Becker Center,,Washington,DC,20566,202-467-1908,dsimonitto8f@nifty.com
Cyril,Blowes,65 Crownhardt Plaza,,Minneapolis,MN,55412,,cblowes8g@sun.com
Casper,Redhead,34389 Thompson Pass,,Lakeland,FL,33805,863-488-4497,credhead8h@marketwatch.com
Floria,Berston,67 Cordelia Park,,Birmingham,AL,35295,205-572-1559,fberston8i@uiuc.edu
Constancia,Pilmoor,75580 Gale Drive,,Washington,DC,20268,,cpilmoor8j@ehow.com
Elyssa,Bockh,27 8th Court,,Madison,WI,53785,608-903-5236,ebockh8k@theatlantic.com
Edouard,Drees,03 Macpherson Alley,,Indianapolis,IN,46207,317-704-1590,edrees8l@zdnet.com
Eustacia,Christol,43743 Banding Alley,,San Antonio,TX,78250,210-145-2704,echristol8m@pen.io
Xylia,Padula,5602 Dwight Park,PO Box 43199,Hartford,CT,06120,,xpadula8n@reuters.com
Alessandro,Chaffyn,61 Manley Circle,,South Bend,IN,46699,,achaffyn8o@abc.net.au
Edy,Deetlof,083 Transport Court,,El Paso,TX,79905,915-725-6595,edeetlof8p@europa.eu
Deonne,Carabine,72 Cascade Park,,Canton,OH,44705,330-674-4989,dcarabine8q@ucla.edu
Corbin,Coners,83213 Luster Way,,Hyattsville,MD,20784,301-223-1194,cconers8r@facebook.com
Allis,Park,98419 Spaight Parkway,Suite 44,Charlotte,NC,28289,704-268-6230,apark8s@rediff.com
Sile,Candlish,1413 Hanover Crossing,,North Little Rock,AR,72118,501-635-6098,scandlish8t@prlog.org
Sky,Pitcock,68 Ilene Road,,Vancouver,WA,98664,360-829-0783,spitcock8u@domainmarket.com
Alma,Lenz,74858 Dwight Hill,,Flint,MI,48505,810-242-0788,alenz8v@123-reg.co.uk
Goldina,Bedson,20 Grasskamp Plaza,,Sacramento,CA,95865,,gbedson8w@github.io
Orrin,Clouter,7015 North Junction,,Rockford,IL,61110,815-397-3373,oclouter8x@mail.ru
Karry,Drillot,5915 Prairie Rose Crossing,,Memphis,TN,38119,901-756-2121,kdrillot8y@i2i.jp
Clemmie,Allery,37 Leroy Alley,Apt 1430,Indianapolis,IN,46295,,callery8z@cdc.gov
Shaina,Harbin,38757 Ludington Junction,,Houston,TX,77095,832-269-1174,sharbin90@lulu.com
Lynelle,Loxston,39 Arizona Way,,Atlanta,GA,30386,,lloxston91@github.io
Phaedra,Ransley,2364 Vidon Street,,Anderson,IN,46015,765-525-5558,pransley92@eepurl.com
Brandon,Oakey,6 Kipling Place,,Mobile,AL,36610,251-454-4180,boakey93@nyu.edu
Sebastian,Cropton,340 Emmet Center,,Las Cruces,NM,88006,505-664-5690,scropton94@ask.com
Cacilie,Woofenden,43 Bonner Center,,Amarillo,TX,79165,,cwoofenden95@cmu.edu
Sibelle,Tegler,5 Service Court,,Billings,MT,59112,406-922-1062,stegler96@ocn.ne.jp
Ange,Syddie,23843 Claremont Point,,Richmond,VA,23272,804-823-3457,asyddie97@flickr.com
Janene,Kapelhoff,35 Pleasure Way,,San Diego,CA,92170,619-398-0032,jkapelhoff98@unc.edu
Aristotle,Lobell,6138 Bayside Crossing,,Lehigh Acres,FL,33972,863-415-3234,alobell99@cnet.com
Roxane,Pelman,8510 Cambridge Place,,Orlando,FL,32819,,rpelman9a@alexa.com
Jerry,Morgan,5 Cardinal Alley,,Levittown,PA,19058,,jmorgan9b@salon.com
Neville,Howe,1045 Maple Wood Parkway,,Lakewood,WA,98498,253-763-3654,nhowe9c@people.com.cn
Cherice,Haggerwood,15420 Holmberg Way,,Monticello,MN,55585,,chaggerwood9d@elegantthemes.com
Idalina,Barkly,345 Anzinger Pass,,Green Bay,WI,54313,,ibarkly9e@reference.com
Britney,Vedikhov,73467 Sunnyside Avenue,,Colorado Springs,CO,80925,719-505-8713,bvedikhov9f@tinypic.com
Haley,Ratazzi,69537 Fieldstone Avenue,,Saint Louis,MO,63196,314-765-1020,hratazzi9g@goodreads.com
Theo,Crawford,461 Ryan Way,,San Jose,CA,95150,408-263-7242,tcrawford9h@youku.com
Vivyan,Christofle,77146 Butternut Avenue,,Honolulu,HI,96820,808-114-5856,vchristofle9i@qq.com
Latashia,Lemonby,15167 Valley Edge Drive,,El Paso,TX,88579,915-339-0357,llemonby9j@dell.com
Ferdy,Acutt,5 Jackson Parkway,,Sacramento,CA,95828,,facutt9k@ow.ly
Ezmeralda,Arran,1 Redwing Crossing,,Mesa,AZ,85205,,earran9l@webeden.co.uk
Leonhard,Greenham,62 Mayer Trail,Room 1396,Springfield,MO,65898,417-320-3607,lgreenham9m@youku.com
Kendal,MacPherson,03 Cody Terrace,,Roanoke,VA,24024,540-464-8809,kmacpherson9n@dmoz.org
Myrtle,Ritchley,010 Scofield Court,,Seattle,WA,98166,360-629-8346,mritchley9o@facebook.com
Nikoletta,Somerset,4 Sundown Way,,Fresno,CA,93762,559-116-1795,nsomerset9p@dropbox.com
Alta,Mackett,8 Bartelt Court,,Cincinnati,OH,45213,513-902-7672,amackett9q@godaddy.com
Glenine,Moultrie,28631 Colorado Road,,San Diego,CA,92170,619-144-5397,gmoultrie9r@networksolutions.com
Nealson,Paolillo,62 Butternut Avenue,,Dallas,TX,75236,214-881-0053,npaolillo9s@diigo.com
Gates,Kincey,6 Dryden Street,,Saint Louis,MO,63158,314-668-6429,gkincey9t@hexun.com
Shirl,Brooksbank,6 South Circle,Room 690,Toledo,OH,43656,419-279-9500,sbrooksbank9u@desdev.cn
Kurtis,Shewan,47 Maple Wood Place,,Bloomington,IL,61709,,kshewan9v@parallels.com
Paulie,Jelliman,1615 Evergreen Drive,,Kansas City,MO,64114,816-344-0385,pjelliman9w@liveinternet.ru
Ronnie,Gulvin,43825 Golf View Place,,Fort Myers,FL,33906,239-497-6191,rgulvin9x@pagesperso-orange.fr
Carmelita,Kennewell,11 Lindbergh Crossing,,Charlotte,NC,28225,704-703-1285,ckennewell9y@jalbum.net
Latrina,Novis,898 Paget Junction,,Baton Rouge,LA,70883,225-146-4645,lnovis9z@deliciousdays.com
Ansell,Bleything,27304 Prairieview Plaza,,Washington,DC,20546,202-269-5289,ableythinga0@buzzfeed.com
Annabel,Treweela,5883 Schlimgen Terrace,,Duluth,MN,55805,218-786-3500,atreweelaa1@npr.org
Tess,Gerish,161 Mockingbird Pass,,Lawrenceville,GA,30045,678-536-2336,tgerisha2@sourceforge.net
Morganica,Accomb,4225 Pennsylvania Point,,Southfield,MI,48076,248-144-2324,maccomba3@lycos.com
Gustaf,Kubis,6 Anthes Drive,,San Antonio,TX,78291,210-902-9699,gkubisa4@tripod.com
Grover,Margrem,70385 Chinook Road,,Huntsville,AL,35895,256-397-0430,gmargrema5@scribd.com
Carmen,Claworth,528 Sunbrook Junction,,Fort Worth,TX,76110,817-868-9593,cclawortha6@shop-pro.jp
Sayre,Avraham,2859 Golf Park,,Fresno,CA,93786,559-202-9743,savrahama7@hexun.com
Fanya,Aleksankov,92 Di Loreto Drive,,Mount Vernon,NY,10557,914-115-5220,faleksankova8@dell.com
Thomasina,Castelletto,90980 Ronald Regan Center,,Indianapolis,IN,46221,317-251-0346,tcastellettoa9@squarespace.com
Archy,Pellitt,40 Troy Road,,Tampa,FL,33610,813-119-1917,apellittaa@fotki.com
Dusty,Steele,20699 Blue Bill Park Center,,Milwaukee,WI,53220,,dsteeleab@google.it
Brenden,Atterbury,9425 Oak Plaza,,San Diego,CA,92160,619-605-8849,batterburyac@webs.com
Lowell,Frankiss,0 Sunbrook Point,,Pittsburgh,PA,15215,412-104-0016,lfrankissad@tripadvisor.com
Cyrillus,Enga,555 Delladonna Hill,,Cincinnati,OH,45203,,cengaae@wordpress.org
Charlena,Almey,5 Scofield Plaza,,Roanoke,VA,24020,,calmeyaf@stumbleupon.com
Kipp,Cotman,236 Larry Road,,Charlotte,NC,28205,704-658-1303,kcotmanag@bloglines.com
Rodolphe,Lawrey,43139 Carioca Avenue,,Phoenix,AZ,85040,480-931-4946,rlawreyah@virginia.edu
Benita,Langmead,2138 Almo Crossing,,Atlanta,GA,31106,404-846-2150,blangmeadai@home.pl
Rollo,Carl,560 Linden Lane,,Louisville,KY,40210,502-624-9035,rcarlaj@ning.com
Aleen,Widdup,449 Vidon Trail,,Memphis,TN,38150,901-483-6645,awiddupak@sun.com
Oby,Sullivan,01898 Elmside Place,,Seattle,WA,98115,,osullivanal@dmoz.org
Brynne,Bernardot,109 Truax Court,Room 392,Tucson,AZ,85715,520-377-8750,bbernardotam@nbcnews.com
Cart,Brookes,76 Laurel Circle,,Houston,TX,77271,713-579-3922,cbrookesan@gmpg.org
Tremaine,Willcox,64349 Welch Way,,Inglewood,CA,90310,,twillcoxao@intel.com
Rik,Woolam,57657 Northport Junction,,Brooklyn,NY,11254,,rwoolamap@nymag.com
Luise,Corbishley,3 Mccormick Park,,Tacoma,WA,98424,253-157-0429,lcorbishleyaq@pbs.org
Tera,Gisborne,0922 John Wall Center,,Palmdale,CA,93591,661-583-3697,tgisbornear@europa.eu
Raphaela,Mayberry,17 Oneill Street,,Tyler,TX,75799,903-893-0718,rmayberryas@cargocollective.com
Caldwell,Garrad,074 Macpherson Parkway,,Des Moines,IA,50320,,cgarradat@myspace.com
Shell,Massimo,041 Shopko Road,,Visalia,CA,93291,559-319-8196,smassimoau@sourceforge.net
Fielding,Roswarn,67863 Graedel Parkway,,Peoria,IL,61614,309-886-1384,froswarnav@slashdot.org
Hildagard,Wulfinger,20681 Lakewood Gardens Avenue,,Jamaica,NY,11499,212-982-5991,hwulfingeraw@reverbnation.com
Yoshiko,Frankowski,90 Garrison Hill,,Aurora,CO,80045,303-609-2294,yfrankowskiax@google.ru
Karleen,Bleas,0214 Schurz Circle,,Fort Myers,FL,33913,239-505-4697,kbleasay@ucla.edu
Sabra,Blaydon,6 Dunning Trail,,Saint Louis,MO,63121,314-283-5171,sblaydonaz@patch.com
Evan,Burch,4 Loftsgordon Avenue,,Rochester,NY,14614,585-296-1499,eburchb0@yellowpages.com
Kenny,Magrane,198 Sachtjen Road,,San Jose,CA,95118,408-789-0624,kmagraneb1@free.fr
Virge,Anneslie,5137 Manley Terrace,,Shreveport,LA,71166,318-998-1937,vanneslieb2@deviantart.com
Debora,Botton,6 Twin Pines Park,,Phoenix,AZ,85010,602-840-8329,dbottonb3@webs.com
Vernen,Blowin,51219 Eastlawn Trail,,Los Angeles,CA,90035,818-145-0288,vblowinb4@huffingtonpost.com
Jules,Mapstone,957 Lakeland Place,,Laurel,MD,20709,301-749-1555,jmapstoneb5@liveinternet.ru
Melicent,Tilt,344 Meadow Valley Pass,,Sacramento,CA,95838,916-875-1495,mtiltb6@dedecms.com
Cort,Canto,8 Clove Hill,,Des Moines,IA,50393,,ccantob7@github.com
Clari,Caldecot,119 Melvin Park,,Arlington,VA,22212,571-710-9867,ccaldecotb8@photobucket.com
Yalonda,Malec,5 Nancy Pass,,Amarillo,TX,79118,806-954-4535,ymalecb9@dropbox.com
Franz,Coltart,11 Fulton Road,,San Bernardino,CA,92410,,fcoltartba@dagondesign.com
Toby,De Bernardi,3 Jenna Lane,,New Orleans,LA,70116,504-333-3955,tdebernardibb@japanpost.jp
Leonid,Klima,55355 Independence Park,,Las Vegas,NV,89125,,lklimabc@google.com.br
Wylie,Lau,430 Mallard Lane,,Indianapolis,IN,46202,765-272-0712,wlaubd@tmall.com
Renelle,Roscamp,3409 Novick Trail,,Glendale,AZ,85305,,rroscampbe@harvard.edu
Bev,Iacomini,802 Maple Wood Point,,Farmington,MI,48335,248-785-3911,biacominibf@hc360.com
Dino,Rizzi,0989 Transport Hill,,Littleton,CO,80127,720-639-0132,drizzibg@sohu.com
Jillayne,Molen,23 Clarendon Terrace,,Schaumburg,IL,60193,,jmolenbh@istockphoto.com
Perkin,Farrimond,54 Lakewood Road,,Cleveland,OH,44177,440-801-5249,pfarrimondbi@spiegel.de
Richardo,Tant,75204 Beilfuss Alley,,Atlanta,GA,30343,,rtantbj@jugem.jp
Alina,Doleman,7276 Sherman Plaza,,Lakewood,WA,98498,253-963-4227,adolemanbk@google.de
Netta,Merigot,1502 Green Ridge Crossing,,Charlotte,NC,28242,704-940-9387,nmerigotbl@ebay.com
Terza,Rehorek,3 Petterle Hill,Room 1919,Anniston,AL,36205,,trehorekbm@webnode.com
Hugibert,De Mattia,73 Westerfield Place,,Boston,MA,02208,617-147-3768,hdemattiabn@devhub.com
Blisse,McLinden,6911 Jackson Avenue,,New York City,NY,10260,212-377-4674,bmclindenbo@imageshack.us
Ulrica,Matiasek,5120 Karstens Hill,,Winston Salem,NC,27110,,umatiasekbp@posterous.com
Jemmie,Ropartz,8 Rigney Alley,,San Jose,CA,95133,408-547-4301,jropartzbq@google.com
Gerhardt,Linder,02 Esker Circle,,Washington,DC,20508,202-957-2100,glinderbr@latimes.com
Onfroi,Goudman,400 Columbus Crossing,,West Palm Beach,FL,33411,954-636-9722,ogoudmanbs@addthis.com
Bobbye,Belcham,78 Clemons Point,,Springfield,OH,45505,937-590-0157,bbelchambt@desdev.cn
Mord,Brittlebank,9 Mallory Place,,Boston,MA,02208,617-318-0063,mbrittlebankbu@narod.ru
Angel,Havock,271 Hudson Junction,,Fort Wayne,IN,46867,260-103-0179,ahavockbv@stanford.edu
Lurleen,Bosomworth,162 Mcbride Crossing,,Washington,DC,20540,202-337-7320,lbosomworthbw@deviantart.com
Amerigo,Ivankin,89610 Hauk Road,,Charlotte,NC,28205,704-513-8109,aivankinbx@nyu.edu
Alley,Fridd,2 Logan Circle,Room 288,Amarillo,TX,79176,806-460-2914,afriddby@mayoclinic.com
Brietta,Murrill,45 Huxley Pass,,Madison,WI,53779,608-144-5319,bmurrillbz@yellowbook.com
Jade,Franks,26 Commercial Circle,,Anchorage,AK,99522,907-578-4818,jfranksc0@mlb.com
Leela,Connerly,4 Tennessee Hill,,Schaumburg,IL,60193,,lconnerlyc1@sciencedirect.com
Binny,Sobey,00225 Karstens Point,,San Mateo,CA,94405,805-389-3625,bsobeyc2@eventbrite.com
Hilly,Cawthron,278 Cody Hill,,Huntington,WV,25709,,hcawthronc3@microsoft.com
Karim,Colliard,92 Hayes Park,,Honolulu,HI,96845,808-643-0978,kcolliardc4@instagram.com
Jules,Thayre,8 Stuart Road,PO Box 91286,El Paso,TX,79968,915-220-5879,jthayrec5@printfriendly.com
Emmery,Aikin,782 Northview Center,Apt 1476,Lakeland,FL,33811,863-270-8851,eaikinc6@census.gov
Neville,Ivanilov,53 Pawling Park,,Charleston,SC,29403,843-386-2340,nivanilovc7@ihg.com
Mose,MacAskie,58 International Hill,,Albuquerque,NM,87110,505-180-5719,mmacaskiec8@sciencedirect.com
Carmon,Starie,5038 Texas Pass,,Houston,TX,77234,,cstariec9@columbia.edu
Susie,La Padula,714 Lerdahl Circle,,Richmond,VA,23272,804-339-3048,slapadulaca@pbs.org
Caryn,Grossier,2646 Quincy Crossing,,Sioux Falls,SD,57105,605-535-2350,cgrossiercb@nasa.gov
Dorolice,Grenter,4362 Parkside Plaza,,Fort Lauderdale,FL,33305,954-560-3420,dgrentercc@zimbio.com
Ashia,Fagan,32697 Jenna Drive,Suite 16,Houston,TX,77250,713-557-4433,afagancd@hibu.com
Bogart,Ladd,30 Lotheville Place,,Cleveland,OH,44130,440-899-6068,bladdce@house.gov
Leroy,Deetlefs,2 Northridge Park,,Miami,FL,33147,786-798-1488,ldeetlefscf@tamu.edu
Gratia,Gallant,35 Westport Alley,,Saint Paul,MN,55123,612-622-2111,ggallantcg@godaddy.com
Kylen,Sollam,716 Darwin Parkway,,Alexandria,VA,22301,703-298-3460,ksollamch@vimeo.com
Bank,Girton,3552 Forest Way,,Lexington,KY,40510,859-809-8550,bgirtonci@geocities.com
Viola,Flori,50 Spaight Alley,,Wichita,KS,67260,316-648-6518,vfloricj@list-manage.com
Thane,Martynov,038 Sherman Alley,,Springfield,IL,62776,217-830-9733,tmartynovck@i2i.jp
Simone,Pelchat,3 Burrows Alley,,Frankfort,KY,40618,,spelchatcl@amazon.com
Robinet,Gludor,3 School Court,,Wilmington,DE,19892,302-234-4149,rgludorcm@princeton.edu
Ephraim,Probbing,041 Barnett Crossing,,Houston,TX,77025,281-121-6486,eprobbingcn@bloglines.com
Alix,Poad,45768 Summer Ridge Drive,PO Box 37922,El Paso,TX,79911,,apoadco@yolasite.com
Dannie,Livesley,94 Claremont Center,,Salt Lake City,UT,84125,,dlivesleycp@sourceforge.net
Myrtie,Birdseye,72 Continental Way,,Winston Salem,NC,27157,336-214-6886,mbirdseyecq@businesswire.com
Arlyn,Blest,4391 Northridge Court,,Staten Island,NY,10310,914-526-1634,ablestcr@bloglovin.com
Blinny,Trulocke,3 Oakridge Road,,Charleston,WV,25305,304-502-8540,btrulockecs@unicef.org
Amalle,Slocumb,7 Forster Center,Suite 77,Glendale,CA,91210,818-987-3751,aslocumbct@opensource.org
Leelah,Lemanu,04 Dennis Terrace,Apt 809,South Lake Tahoe,CA,96154,530-558-1001,llemanucu@blogs.com
Byron,Tie,1 Fair Oaks Avenue,,Jamaica,NY,11436,,btiecv@slideshare.net
Artemus,Markie,2 Harper Alley,,Orlando,FL,32830,407-934-4876,amarkiecw@abc.net.au
Ariel,Sherrington,574 Fuller Plaza,,Orlando,FL,32819,941-455-3444,asherringtoncx@bloomberg.com
Ulrich,Dikelin,411 Leroy Alley,,Huntington,WV,25709,304-348-6802,udikelincy@usa.gov
Leanor,Llewelyn,10036 Buena Vista Circle,,Corpus Christi,TX,78470,361-414-0405,lllewelyncz@engadget.com
Amerigo,Brumen,5 Ridgeview Parkway,,Kent,WA,98042,206-642-8542,abrumend0@dropbox.com
Linoel,Thacke,2 Mendota Park,,Dallas,TX,75372,214-262-6003,lthacked1@earthlink.net
Bryce,Palia,34 Hoffman Pass,,Richmond,VA,23225,757-768-2069,bpaliad2@moonfruit.com
Janean,Brandenburg,33671 Green Drive,,Colorado Springs,CO,80915,719-276-6811,jbrandenburgd3@theatlantic.com
Alaric,Yakovl,6693 Bonner Street,,Tallahassee,FL,32314,850-180-1429,ayakovld4@dropbox.com
Barbara-anne,O'Scannill,38 Canary Hill,,Scranton,PA,18514,570-228-2269,boscannilld5@weibo.com
Patrice,Teers,53 Comanche Place,,Omaha,NE,68144,402-151-2663,pteersd6@google.com.br
Aretha,Dragon,8 Bultman Street,,Melbourne,FL,32919,321-222-6182,adragond7@google.fr
Louella,Knowlson,37272 Fallview Street,,Saint Louis,MO,63180,314-486-7405,lknowlsond8@unesco.org
Hilliary,Westlake,646 Washington Pass,,Arlington,VA,22244,,hwestlaked9@microsoft.com
Barnett,Balmer,04 New Castle Street,,Harrisburg,PA,17121,717-861-3742,bbalmerda@stanford.edu
Debby,Barby,97 Surrey Crossing,,New Orleans,LA,70174,,dbarbydb@google.es
Vinnie,Ardern,50856 Old Shore Terrace,,Columbia,MO,65218,573-364-9261,varderndc@chron.com
Bertie,MacLise,2 Paget Hill,Room 382,Albany,NY,12247,518-258-9510,bmaclisedd@vistaprint.com
Harlan,Clews,1 Miller Hill,,Wilkes Barre,PA,18763,570-809-4933,hclewsde@economist.com
Stormie,Carnduff,7 Cambridge Hill,,Jeffersonville,IN,47134,812-995-0591,scarnduffdf@tumblr.com
Cherye,Birrell,06 Kings Park,PO Box 56569,Bakersfield,CA,93399,,cbirrelldg@prlog.org
Cam,Casse,71971 Mayer Place,,El Paso,TX,79955,915-832-3203,ccassedh@icq.com
Beret,Rykert,69 Kipling Place,,Sacramento,CA,95813,916-951-4470,brykertdi@blogs.com
Delphine,Gosnold,45750 Londonderry Street,,Wilmington,NC,28410,910-405-5405,dgosnolddj@google.com.au
Brit,Rasmus,0081 Manitowish Plaza,,Saint Cloud,MN,56398,320-246-5075,brasmusdk@dell.com
Cecil,Janik,51 La Follette Park,,Saint Paul,MN,55103,612-275-6977,cjanikdl@nytimes.com
Shelton,Stanes,384 Jana Alley,Apt 762,Chicago,IL,60624,773-726-6529,sstanesdm@disqus.com
Orren,Prinnett,38956 Homewood Lane,,Akron,OH,44310,330-938-4413,oprinnettdn@whitehouse.gov
Kathi,Scholes,0124 Briar Crest Trail,,Mobile,AL,36616,251-413-8188,kscholesdo@goodreads.com
Joellen,Morfield,6851 Nelson Point,,Grand Rapids,MI,49510,,jmorfielddp@loc.gov
Ariela,Lamplugh,91 Messerschmidt Place,Apt 1499,Canton,OH,44760,234-621-2436,alamplughdq@ameblo.jp
Lawton,Alliston,3 Saint Paul Court,,Phoenix,AZ,85030,602-606-3096,lallistondr@cnbc.com
Myrvyn,Thirsk,03291 Chive Park,,Dallas,TX,75310,214-154-6464,mthirskds@spotify.com
Efrem,Stelle,9604 Glacier Hill Junction,,Oklahoma City,OK,73190,,estelledt@mapy.cz
Engracia,Hairsnape,605 Graceland Circle,,Hollywood,FL,33023,954-707-8333,ehairsnapedu@deviantart.com
Douglas,Dawson,639 Mccormick Pass,,Mc Keesport,PA,15134,412-279-9224,ddawsondv@github.com
Leonore,Kleinstern,16 Derek Terrace,,Topeka,KS,66642,785-222-3462,lkleinsterndw@bizjournals.com
Brittne,Ben,5943 Acker Junction,,Waco,TX,76796,,bbendx@quantcast.com
Emalee,Bilham,0950 Blackbird Place,,Washington,DC,20310,202-410-5657,ebilhamdy@usnews.com
Caye,Labro,63078 Carioca Junction,,Albuquerque,NM,87121,,clabrodz@wordpress.org
Lombard,Pettersen,186 Merry Lane,,Miami,FL,33185,305-275-9088,lpettersene0@rambler.ru
Abbey,Penzer,905 Westridge Place,,San Bernardino,CA,92415,,apenzere1@bloglines.com
Mitzi,Bendle,40 Pleasure Crossing,,Pittsburgh,PA,15240,412-586-6245,mbendlee2@geocities.jp
Philip,Rubbert,8417 Shopko Place,,Peoria,IL,61614,309-730-6123,prubberte3@trellian.com
Wilona,Morcom,39136 Lerdahl Junction,,Washington,DC,20215,202-193-2755,wmorcome4@addtoany.com
Filip,Castellini,18250 Colorado Court,,Brooklyn,NY,11215,,fcastellinie5@usnews.com
Gabbie,Cadge,38852 Kensington Center,,Tampa,FL,33647,,gcadgee6@skyrock.com
Boot,Doiley,681 Dayton Point,,Charleston,SC,29424,,bdoileye7@twitter.com
Cassaundra,Starkie,2 Linden Pass,,Lincoln,NE,68510,402-344-9251,cstarkiee8@elpais.com
Carlos,Picknett,2 Moose Parkway,,Paterson,NJ,07544,862-781-5512,cpicknette9@e-recht24.de
Jakob,Grombridge,45426 Dryden Avenue,,Sacramento,CA,94207,916-477-3782,jgrombridgeea@twitpic.com
Umeko,Cowley,5560 Longview Lane,,Richmond,VA,23277,804-895-9481,ucowleyeb@epa.gov
Cazzie,Dedman,2680 Talmadge Park,,San Diego,CA,92115,619-587-7751,cdedmanec@oaic.gov.au
Hermie,Moodie,9370 Talmadge Circle,,Grand Rapids,MI,49510,,hmoodieed@smugmug.com
Julieta,Soro,40044 Mallory Hill,,Des Moines,IA,50362,515-413-8686,jsoroee@smh.com.au
Rozalin,Comiskey,4 Vermont Avenue,,Knoxville,TN,37939,865-276-5944,rcomiskeyef@icio.us
Luca,Scrigmour,74048 Clarendon Hill,,Wilmington,NC,28410,910-284-9855,lscrigmoureg@blinklist.com
Mozes,Bockmann,8924 Moulton Hill,,Columbus,OH,43204,614-461-2456,mbockmanneh@time.com
Imelda,Griss,8813 Forest Run Lane,,Flushing,NY,11355,,igrissei@npr.org
Stefania,Hallawell,631 Michigan Avenue,,Bronx,NY,10454,718-993-7367,shallawellej@ox.ac.uk
Falito,Rosenstock,136 Thackeray Terrace,,Fort Worth,TX,76147,817-690-6549,frosenstockek@pagesperso-orange.fr
Meir,Ledram,69 Sheridan Parkway,,Birmingham,AL,35205,205-301-9039,mledramel@dion.ne.jp
Gayelord,Kubicka,1 Doe Crossing Drive,,Portland,OR,97221,503-801-2724,gkubickaem@microsoft.com
Damaris,Cullington,7727 Carberry Center,,Portland,OR,97201,,dcullingtonen@netlog.com
Octavia,Hun,75791 Texas Street,Room 1906,Brooklyn,NY,11247,,ohuneo@foxnews.com
Giorgia,Ick,05 Pond Trail,,San Diego,CA,92105,,gickep@alexa.com
Ebenezer,Hamerton,022 Service Road,,Joliet,IL,60435,815-976-4804,ehamertoneq@ca.gov
Allen,Iacovielli,691 Hoffman Lane,,Brooklyn,NY,11215,,aiacoviellier@naver.com
Odella,Udell,70 Victoria Court,Suite 4,Hayward,CA,94544,415-123-4966,oudelles@dion.ne.jp
Dre,Heymann,7413 Canary Lane,,Springfield,MO,65898,417-963-9843,dheymannet@marriott.com
Val,Roulston,70 Lotheville Crossing,,Atlanta,GA,31106,404-577-8262,vroulstoneu@sciencedirect.com
Abraham,Duval,6 Old Gate Terrace,,Arlington,TX,76011,214-395-1506,aduvalev@timesonline.co.uk
Kevyn,Hugland,59909 Saint Paul Point,,Stockton,CA,95205,209-503-9315,khuglandew@nhs.uk
Yehudit,O'Criane,67 Brentwood Parkway,,Tucson,AZ,85705,,yocrianeex@gravatar.com
Bren,Headan,7 Service Place,PO Box 77716,Charleston,WV,25389,304-216-9523,bheadaney@ihg.com
Inger,Greenland,7 Gina Way,,San Jose,CA,95128,,igreenlandez@mlb.com
Sanson,Farens,365 East Alley,,Huntington,WV,25711,,sfarensf0@istockphoto.com
Anthiathia,MacCosto,02 John Wall Crossing,2nd Floor,Los Angeles,CA,90189,213-978-8491,amaccostof1@ucla.edu
Bunni,Eglise,6248 Linden Trail,,Kansas City,MO,64125,816-698-8065,beglisef2@irs.gov
Guthrie,Elsegood,1 Jenna Court,,Norfolk,VA,23504,757-442-5440,gelsegoodf3@rambler.ru
Ezekiel,Peppin,2 Veith Center,,Cleveland,OH,44125,440-120-5368,epeppinf4@is.gd
Hulda,Grimsell,421 Ridge Oak Pass,,Long Beach,CA,90810,323-391-2699,hgrimsellf5@usnews.com
Henderson,Roback,133 Dovetail Way,Apt 163,Corpus Christi,TX,78426,361-185-9694,hrobackf6@sakura.ne.jp
Hendrick,Fritz,186 Thompson Street,,Austin,TX,78710,512-478-2203,hfritzf7@scientificamerican.com
Tonia,Ornils,2 Melody Alley,,Dayton,OH,45470,937-734-1847,tornilsf8@mail.ru
Janetta,Staresmeare,5511 Macpherson Circle,Room 1019,Metairie,LA,70033,504-961-4074,jstaresmearef9@reference.com
Lurline,Warrick,1 Reindahl Alley,,Joliet,IL,60435,815-636-0943,lwarrickfa@dedecms.com
Giuseppe,Neachell,3843 Messerschmidt Circle,,Chicago,IL,60636,312-876-7846,gneachellfb@google.ru
Christiano,Crauford,25056 2nd Parkway,,Nashville,TN,37250,615-713-2587,ccraufordfc@edublogs.org
Tonye,Persian,01 Haas Court,,Lansing,MI,48930,517-303-8888,tpersianfd@nsw.gov.au
Jessee,Licence,324 Welch Pass,,Pompano Beach,FL,33069,954-613-0773,jlicencefe@altervista.org
Ade,McCambrois,540 Lien Circle,,Mesa,AZ,85215,,amccambroisff@state.gov
Carolee,Mulbery,4 Rowland Road,,Fort Smith,AR,72916,,cmulberyfg@instagram.com
Barry,Scopyn,5 Nova Way,,Jacksonville,FL,32277,,bscopynfh@yale.edu
Leigha,Kem,0419 Di Loreto Terrace,,Philadelphia,PA,19104,,lkemfi@google.co.uk
Briant,MacNamee,17 Lakeland Court,,Honolulu,HI,96840,,bmacnameefj@4shared.com
Sasha,Arlow,29 Anhalt Point,,Cleveland,OH,44130,440-238-3792,sarlowfk@yandex.ru
Zarah,Vidler,70 Oneill Terrace,,Brooklyn,NY,11231,917-759-3834,zvidlerfl@google.de
Daryle,Trillo,1548 Ridgeway Terrace,,Aurora,IL,60505,,dtrillofm@wordpress.org
Raul,Juorio,6810 Brown Avenue,,Houston,TX,77020,713-955-5832,rjuoriofn@macromedia.com
Nikos,Lorand,10186 Arrowood Center,,Houston,TX,77020,713-681-9187,nlorandfo@businessinsider.com
Leicester,Foat,9 Scofield Street,,Trenton,NJ,08650,609-810-1536,lfoatfp@comcast.net
Lynett,Gwillyam,8 Maple Plaza,Suite 2,Madison,WI,53716,608-292-0181,lgwillyamfq@globo.com
Anet,Mendes,5 Moland Hill,,Fort Myers,FL,33906,,amendesfr@geocities.jp
Wheeler,Figg,43 Doe Crossing Parkway,,Sacramento,CA,94245,916-274-1326,wfiggfs@clickbank.net
Waldon,Brougham,054 Ludington Plaza,,Washington,DC,20591,202-313-8636,wbroughamft@domainmarket.com
Sim,Anfossi,7 Duke Street,,Canton,OH,44760,234-136-0364,sanfossifu@over-blog.com
Atlante,Pendrich,01 Memorial Circle,Apt 329,San Antonio,TX,78240,210-557-1456,apendrichfv@sogou.com
Carita,Grant,3 Thompson Road,,Beaumont,TX,77713,409-517-7106,cgrantfw@tumblr.com
Wilbur,Bourley,0 Lake View Avenue,,Denver,CO,80204,720-801-7026,wbourleyfx@go.com
Aharon,Brose,49428 Rieder Avenue,Room 843,San Jose,CA,95108,408-792-0001,abrosefy@xinhuanet.com
Vasily,Postle,26 6th Street,,Seattle,WA,98195,206-269-0938,vpostlefz@a8.net
Zena,McGrane,7 Daystar Junction,,Phoenix,AZ,85020,623-381-5400,zmcgraneg0@a8.net
Merle,Petteford,6584 Arkansas Plaza,,Philadelphia,PA,19178,,mpettefordg1@nsw.gov.au
Buiron,Tigwell,12395 Bashford Court,Room 1184,Wilkes Barre,PA,18763,,btigwellg2@merriam-webster.com
Donall,Menloe,68 Cardinal Plaza,,Lynn,MA,01905,,dmenloeg3@phpbb.com
Jessa,Foord,23 Troy Crossing,,Garland,TX,75044,,jfoordg4@berkeley.edu
Bess,Hakonsson,21913 New Castle Parkway,5th Floor,Long Beach,CA,90840,562-162-8875,bhakonssong5@salon.com
Silvan,Whorlton,13 Center Terrace,,Richmond,VA,23220,804-575-2185,swhorltong6@bandcamp.com
Emera,Pedrocco,4026 Katie Circle,,Washington,DC,20525,202-503-0033,epedroccog7@cornell.edu
Fanya,Warby,2896 Russell Junction,,Fresno,CA,93726,,fwarbyg8@newyorker.com
Philipa,Donat,64630 Westridge Way,,Charleston,WV,25321,304-667-2387,pdonatg9@spotify.com
Garrick,Starton,8914 Stang Terrace,,San Francisco,CA,94154,415-906-1720,gstartonga@squarespace.com
Larine,Spiers,241 Granby Trail,,Largo,FL,34643,,lspiersgb@bloglovin.com
Hazlett,Tubridy,161 Delaware Terrace,,West Hartford,CT,06127,860-721-9094,htubridygc@utexas.edu
Brian,Matteotti,15 Sheridan Plaza,,Amarillo,TX,79188,806-399-4348,bmatteottigd@pcworld.com
Bobbye,Fanner,165 Oak Valley Plaza,,Port Charlotte,FL,33954,941-518-3160,bfannerge@hhs.gov
Mabel,Garard,443 Garrison Plaza,,Bonita Springs,FL,34135,941-381-2676,mgarardgf@wp.com
Marabel,Bunclark,3340 Menomonie Street,,El Paso,TX,88525,915-919-7697,mbunclarkgg@purevolume.com
Yves,De Lisle,55 Elka Crossing,,Montgomery,AL,36114,334-553-5822,ydelislegh@comsenz.com
Vinnie,Kittless,26555 Shopko Drive,,Pittsburgh,PA,15255,412-217-9042,vkittlessgi@slideshare.net
Kaja,Martinson,731 La Follette Lane,,Corona,CA,92878,,kmartinsongj@angelfire.com
Krishnah,Blaasch,457 Meadow Valley Parkway,,Dallas,TX,75277,214-795-1345,kblaaschgk@mayoclinic.com
Elliot,Digby,40600 Melvin Parkway,,Greensboro,NC,27415,,edigbygl@dailymotion.com
Libby,Uzzell,5419 Homewood Parkway,,Concord,CA,94522,925-537-2986,luzzellgm@europa.eu
Randie,Pococke,2670 Monica Junction,,Philadelphia,PA,19115,215-578-3094,rpocockegn@hhs.gov
Tracee,Bordone,67979 Delaware Place,,Berkeley,CA,94712,510-689-2873,tbordonego@cisco.com
Evonne,Golding,4 Lien Terrace,,Oklahoma City,OK,73124,405-120-2311,egoldinggp@businessinsider.com
Leslie,Musso,28 Stoughton Drive,,Austin,TX,78783,512-312-2564,lmussogq@tmall.com
Amery,Erni,56613 Esker Point,,Sandy,UT,84093,801-952-9770,aernigr@noaa.gov
Juline,Rennox,4656 Brentwood Hill,,Saint Cloud,MN,56398,320-840-3528,jrennoxgs@ucoz.ru
Tristam,Cicculini,844 Randy Road,,Sioux Falls,SD,57188,605-525-9118,tcicculinigt@cpanel.net
Moise,Hallan,05 Macpherson Hill,,Jacksonville,FL,32215,904-922-0940,mhallangu@java.com
Keelby,Carley,2105 Bayside Court,,Minneapolis,MN,55412,952-387-6655,kcarleygv@go.com
Olenolin,Coxon,76 2nd Lane,,Clearwater,FL,33758,813-781-3778,ocoxongw@4shared.com
Thea,Izat,2 Atwood Pass,,Waco,TX,76796,,tizatgx@multiply.com
Tabbatha,Keningham,61754 Haas Place,,El Paso,TX,88525,915-459-2042,tkeninghamgy@scientificamerican.com
Barry,Tibbits,0380 Jackson Park,,Fresno,CA,93794,559-363-5521,btibbitsgz@macromedia.com
Sigismund,Tape,43 Anhalt Alley,,Lansing,MI,48956,517-469-0770,stapeh0@netvibes.com
Abram,Gallamore,905 Transport Hill,,Fresno,CA,93794,559-286-6961,agallamoreh1@dailymotion.com
Yehudi,Hallatt,6534 Sullivan Drive,,Los Angeles,CA,90015,626-730-4286,yhallatth2@blogger.com
Rachele,O'Hartagan,34230 Bayside Pass,,Washington,DC,20535,202-552-5411,rohartaganh3@bravesites.com
Junina,O'dell,82 Kenwood Trail,,New Orleans,LA,70124,985-667-2279,jodellh4@deviantart.com
Ulric,Rief,3654 Colorado Park,,Las Vegas,NV,89110,702-835-4518,uriefh5@typepad.com
Imelda,Gisbye,4733 Badeau Center,,Silver Spring,MD,20904,410-938-6107,igisbyeh6@goodreads.com
Cam,Loeber,500 3rd Drive,,New Orleans,LA,70149,504-669-8266,cloeberh7@bandcamp.com
Maxy,Capp,586 Anderson Hill,Room 482,Myrtle Beach,SC,29579,843-156-2237,mcapph8@cyberchimps.com
Dorri,Ladbrooke,067 Huxley Drive,,Augusta,GA,30905,,dladbrookeh9@go.com
Mag,Kleuer,8617 Petterle Junction,,Milwaukee,WI,53225,414-126-0841,mkleuerha@reuters.com
Konstantine,Prewett,3 Lake View Point,,Pensacola,FL,32590,850-563-1682,kprewetthb@un.org
Darlene,Rayne,15 Crescent Oaks Hill,,Pittsburgh,PA,15235,724-736-3317,draynehc@cdc.gov
Adora,Roantree,56203 Oriole Crossing,16th Floor,Oklahoma City,OK,73167,405-229-7009,aroantreehd@ibm.com
Rhona,Mosby,19 Bluestem Pass,,Las Vegas,NV,89105,702-722-8489,rmosbyhe@indiatimes.com
Agosto,Shapter,608 Riverside Court,,Amarillo,TX,79118,806-946-4526,ashapterhf@1688.com
Brose,Fitzsimmons,77 Russell Alley,,Norcross,GA,30092,,bfitzsimmonshg@indiatimes.com
Gaylene,McPhillips,553 Susan Trail,,Silver Spring,MD,20904,703-878-5372,gmcphillipshh@phpbb.com
Mahmoud,Adrian,54 Southridge Plaza,Room 222,Tampa,FL,33620,813-245-8215,madrianhi@tumblr.com
Bay,Cogar,4524 Vermont Park,,Houston,TX,77070,713-921-0978,bcogarhj@a8.net
Bearnard,Normanvill,10 Barnett Lane,Room 844,Jeffersonville,IN,47134,812-523-1530,bnormanvillhk@nasa.gov
Ethelda,Rubberts,12269 Brickson Park Alley,,Hartford,CT,06160,860-717-3034,erubbertshl@seesaa.net
Brook,Boule,6697 Birchwood Plaza,,Greeley,CO,80638,970-758-5625,bboulehm@parallels.com
Felice,McGrah,9556 Carpenter Park,,Tucson,AZ,85743,520-491-9160,fmcgrahhn@loc.gov
Marcela,Balcers,96 La Follette Pass,2nd Floor,Petaluma,CA,94975,707-243-1834,mbalcersho@blogtalkradio.com
Cristal,Fritche,873 North Court,,Odessa,TX,79764,432-670-3013,cfritchehp@ebay.co.uk
Noel,Clausius,1 Declaration Park,,San Antonio,TX,78285,210-754-2498,nclausiushq@phpbb.com
Desmund,Donaho,87512 Schiller Center,,Seattle,WA,98175,206-100-6601,ddonahohr@goo.ne.jp
Goddard,Dangerfield,7311 Scott Trail,,Fresno,CA,93726,,gdangerfieldhs@mashable.com
Byron,Sliman,4550 Londonderry Avenue,,El Paso,TX,79916,915-790-6984,bslimanht@google.co.jp
Poppy,Woolfall,194 Drewry Circle,,Rockford,IL,61110,815-889-1528,pwoolfallhu@qq.com
Tiebout,Ruck,69 Hallows Way,,Wichita,KS,67260,316-110-2318,truckhv@time.com
Abrahan,Clyne,4 Browning Plaza,,Tacoma,WA,98417,,aclynehw@about.com
Aileen,Mingaud,232 Lukken Parkway,,Greensboro,NC,27499,336-442-2887,amingaudhx@de.vu
Jack,Cain,51 Memorial Way,,Memphis,TN,38119,901-269-9074,jcainhy@ucoz.com
Atlanta,Fri,82469 Continental Circle,Suite 36,Dallas,TX,75397,214-221-5794,afrihz@vkontakte.ru
Deloris,Marunchak,82 Sundown Plaza,,Athens,GA,30610,706-740-5776,dmarunchaki0@github.com
Cosmo,Nowlan,88 Kenwood Way,Apt 1663,Yonkers,NY,10705,914-888-0374,cnowlani1@trellian.com
Felicity,Jaray,033 Fairfield Road,Apt 1912,Stockton,CA,95298,209-727-7573,fjarayi2@latimes.com
Guendolen,Squelch,834 Twin Pines Point,,Seattle,WA,98133,206-816-3918,gsquelchi3@webs.com
Town,Schrir,83 Goodland Trail,,Tampa,FL,33610,,tschriri4@dmoz.org
Elsie,Klimek,5761 Garrison Hill,,Topeka,KS,66642,,eklimeki5@china.com.cn
Richie,Deverson,8 Maple Park,,Chicago,IL,60646,312-437-2254,rdeversoni6@hexun.com
Berny,Woolbrook,2296 Dayton Point,,Little Rock,AR,72215,501-729-7537,bwoolbrooki7@theglobeandmail.com
Even,Keets,060 Muir Drive,,Harrisburg,PA,17140,,ekeetsi8@exblog.jp
Skipp,Larkin,961 Lerdahl Junction,,Houston,TX,77035,,slarkini9@rambler.ru
Tibold,Vinall,739 Dryden Avenue,,Los Angeles,CA,90050,213-501-0612,tvinallia@eepurl.com
Lynna,Goulder,5261 Westport Terrace,,Tulsa,OK,74116,,lgoulderib@mapy.cz
Gerhard,Richmond,33022 Moland Court,,Orlando,FL,32859,,grichmondic@kickstarter.com
Chic,Tremayle,979 Lawn Alley,,Portland,OR,97240,,ctremayleid@ameblo.jp
Perl,Fice,074 Golf Center,Suite 79,Honolulu,HI,96805,808-915-1565,pficeie@sphinn.com
Maryellen,Kissack,3 Towne Terrace,,Hicksville,NY,11854,516-110-0026,mkissackif@i2i.jp
Kiri,Domanek,91 Pine View Way,,Seattle,WA,98166,360-836-4740,kdomanekig@msn.com
Matilda,Alkin,776 Harper Junction,,Fayetteville,NC,28314,910-609-5044,malkinih@ow.ly
Mindy,Look,1 Lakewood Gardens Place,,El Paso,TX,79999,915-549-2267,mlookii@china.com.cn
Natalina,Stoggell,533 Fairview Hill,,Dayton,OH,45440,,nstoggellij@miitbeian.gov.cn
Dex,Gatus,433 Ridge Oak Hill,,Brooklyn,NY,11236,917-741-2680,dgatusik@amazon.co.jp
Zolly,Mulhall,643 Elka Place,,San Diego,CA,92170,619-561-2834,zmulhallil@bloomberg.com
Winifred,Chrichton,99092 Amoth Road,,Anaheim,CA,92825,714-925-6978,wchrichtonim@instagram.com
Eleonora,Filmer,3 Kingsford Lane,,Inglewood,CA,90398,310-547-0602,efilmerin@discuz.net
Camala,Vallery,7 Sauthoff Circle,,Dayton,OH,45403,937-155-4568,cvalleryio@barnesandnoble.com
Haley,Ramirez,27 Warner Court,,Troy,MI,48098,,hramirezip@springer.com
Kylie,Filshin,40 Bartillon Circle,,Phoenix,AZ,85067,602-999-1711,kfilshiniq@yahoo.com
Tandi,Thornebarrow,292 Brown Hill,,Charleston,SC,29416,843-788-5254,tthornebarrowir@ucsd.edu
Bambie,Marcussen,2598 Everett Park,,Knoxville,TN,37995,865-671-1086,bmarcussenis@weather.com
Mariska,Underhill,10 Oak Lane,,Evansville,IN,47737,812-858-5741,munderhillit@aol.com
Orville,Valadez,4347 Farwell Street,,Van Nuys,CA,91406,805-864-7074,ovaladeziu@jalbum.net
Meg,Follitt,7547 Southridge Junction,,Indianapolis,IN,46295,317-755-5266,mfollittiv@odnoklassniki.ru
Evyn,Forbear,01998 Shoshone Junction,,Colorado Springs,CO,80915,,eforbeariw@weibo.com
Tove,Leither,1755 Victoria Trail,,Anaheim,CA,92825,714-563-0915,tleitherix@yolasite.com
Violante,Sconce,93 Village Green Court,,Dallas,TX,75236,469-106-5441,vsconceiy@homestead.com
Juliette,Lanegran,52 Golden Leaf Court,,Miami,FL,33261,,jlanegraniz@storify.com
Marie-ann,Saltmarsh,12 Derek Pass,,Richmond,VA,23228,804-181-3151,msaltmarshj0@ameblo.jp
Anthia,Benech,760 Barnett Avenue,,Miami Beach,FL,33141,,abenechj1@sakura.ne.jp
Kaspar,Couldwell,755 Northfield Parkway,PO Box 34117,Birmingham,AL,35231,205-501-9245,kcouldwellj2@ezinearticles.com
Antonia,Willford,8 Ramsey Lane,,Madison,WI,53710,,awillfordj3@nytimes.com
Jeniffer,Drewery,7235 Dakota Center,,Washington,DC,20442,202-575-8118,jdreweryj4@hao123.com
Petra,Willas,571 Glacier Hill Hill,PO Box 13195,Montgomery,AL,36109,334-859-7281,pwillasj5@google.co.uk
Jerome,Bigglestone,0268 Oak Valley Street,,Olympia,WA,98506,360-464-6435,jbigglestonej6@mozilla.com
Guillema,Sarsfield,39111 Laurel Lane,Apt 1769,Columbus,OH,43268,614-414-1714,gsarsfieldj7@cbsnews.com
Steffie,Pabst,7 Thackeray Road,,Boise,ID,83716,208-108-5231,spabstj8@myspace.com
Eolande,Fernez,85864 Pond Plaza,,Chicago,IL,60636,,efernezj9@nytimes.com
Diannne,Elwood,21 Kedzie Pass,,Denver,CO,80291,303-412-3459,delwoodja@si.edu
Florinda,Pinching,7741 Shopko Place,,Miami,FL,33245,786-172-1501,fpinchingjb@g.co
Stacey,Nimmo,6071 Myrtle Drive,6th Floor,Kansas City,MO,64136,816-713-3754,snimmojc@sfgate.com
Orsola,Marrow,511 Sunnyside Point,Apt 521,Washington,DC,20425,,omarrowjd@dropbox.com
Hobart,Laxson,203 American Ash Trail,,Odessa,TX,79769,432-861-2903,hlaxsonje@smugmug.com
Darcie,Del Monte,5736 Hanover Crossing,,North Hollywood,CA,91606,323-258-9474,ddelmontejf@chicagotribune.com
Berny,Mereweather,3 North Drive,,Kingsport,TN,37665,423-553-1235,bmereweatherjg@kickstarter.com
Barbra,Scotter,8 Farmco Pass,Suite 40,Los Angeles,CA,90030,,bscotterjh@scientificamerican.com
Ferdinand,Roseborough,0715 Cascade Way,,Boston,MA,02298,617-260-4516,froseboroughji@blogtalkradio.com
Kania,Lusgdin,979 Meadow Ridge Hill,,Stockton,CA,95205,209-498-8161,klusgdinjj@loc.gov
Cristin,Tristram,97431 Rigney Avenue,,Fargo,ND,58106,701-470-3670,ctristramjk@pagesperso-orange.fr
Terrijo,Blowfelde,24145 Pond Center,,Cincinnati,OH,45203,513-622-1730,tblowfeldejl@joomla.org
Brantley,McGarry,324 Corscot Alley,,Boulder,CO,80305,,bmcgarryjm@google.pl
Tracie,Hosten,89584 Daystar Avenue,,Buffalo,NY,14205,716-166-9433,thostenjn@tuttocitta.it
Jena,Enga,9 Warrior Junction,,Kansas City,MO,64160,816-904-1122,jengajo@squidoo.com
Joannes,Chang,34 Westport Alley,,Nashville,TN,37215,615-413-4683,jchangjp@dion.ne.jp
Terrance,Purdey,84196 Golf Course Avenue,,Daytona Beach,FL,32128,386-518-4346,tpurdeyjq@opensource.org
Glynda,Marzelle,0 Logan Park,,Tallahassee,FL,32309,850-438-3902,gmarzellejr@arstechnica.com
Cristin,Pedgrift,726 Katie Junction,,Fort Myers,FL,33994,239-733-0376,cpedgriftjs@who.int
Maxy,Stanbra,3 Gina Point,,Irvine,CA,92612,,mstanbrajt@symantec.com
Shirleen,Britian,4008 Bashford Parkway,,El Paso,TX,88579,915-353-8691,sbritianju@homestead.com
Quintina,Ovendale,45 Moose Road,,Tallahassee,FL,32309,850-654-3567,qovendalejv@bandcamp.com
Angela,Kirlin,89 Carey Road,Apt 1796,Atlanta,GA,31165,404-339-6471,akirlinjw@myspace.com
Cleon,Shynn,77640 Coolidge Road,,Phoenix,AZ,85077,602-611-8164,cshynnjx@nba.com
Towney,MacPhaden,97 Thompson Lane,,Milwaukee,WI,53234,414-548-5504,tmacphadenjy@hao123.com
Kimbra,Duchesne,607 Tomscot Way,,Kansas City,MO,64114,816-133-7202,kduchesnejz@senate.gov
Brnaba,Shorto,6255 Onsgard Center,,Omaha,NE,68124,402-764-1514,bshortok0@zimbio.com
Patricia,McCrillis,62 Corscot Center,,Tallahassee,FL,32309,850-872-4458,pmccrillisk1@dailymotion.com
Dorie,Doherty,2479 Cascade Court,,San Antonio,TX,78291,,ddohertyk2@slideshare.net
Odella,Ranfield,7243 Tennessee Avenue,,Tyler,TX,75710,,oranfieldk3@cloudflare.com
Jami,Deble,3534 Hanson Circle,Room 1027,Milwaukee,WI,53205,,jdeblek4@theatlantic.com
Lise,Stalman,980 Farwell Place,,San Diego,CA,92132,858-760-8275,lstalmank5@tamu.edu
Dietrich,Steiner,835 Stuart Lane,Apt 1428,Amarillo,TX,79165,,dsteinerk6@wisc.edu
Artie,Carleton,5924 Hayes Circle,,Northridge,CA,91328,818-333-3525,acarletonk7@moonfruit.com
Darb,Plewright,13 Crest Line Parkway,,Dallas,TX,75323,214-484-6228,dplewrightk8@posterous.com
Perle,Issacof,06 Fairfield Terrace,,Milwaukee,WI,53225,,pissacofk9@qq.com
Micheline,Charker,1 Elmside Terrace,,Fresno,CA,93704,559-898-5052,mcharkerka@biglobe.ne.jp
Cristen,Dallywater,06 Arapahoe Place,,Los Angeles,CA,90030,213-129-6722,cdallywaterkb@example.com
Elvina,Birdwhistle,72915 Bayside Trail,,Cincinnati,OH,45254,513-745-3005,ebirdwhistlekc@diigo.com
Gayla,Gronowe,7995 High Crossing Place,7th Floor,Columbia,SC,29225,803-307-3690,ggronowekd@ft.com
Lacee,Olivetti,14 Annamark Road,,Falls Church,VA,22047,571-927-8977,lolivettike@unicef.org
Ardene,Eldon,5 Mesta Center,,Charleston,WV,25331,,aeldonkf@globo.com
Westley,Stannard,02145 Oak Valley Place,,Fort Wayne,IN,46805,260-548-1630,wstannardkg@japanpost.jp
Rhodia,Jennery,3 Myrtle Way,,Raleigh,NC,27626,919-771-4572,rjennerykh@go.com
Lorenza,Garwill,3 Huxley Junction,,Springfield,MO,65805,417-350-7683,lgarwillki@microsoft.com
Joe,Tangye,74898 Doe Crossing Park,,Amarillo,TX,79165,806-937-8425,jtangyekj@geocities.jp
Zonnya,Gapp,3027 Fuller Center,,Shawnee Mission,KS,66286,913-670-3561,zgappkk@weather.com
Phineas,Glasscock,19 Johnson Place,Room 1642,Alexandria,LA,71307,318-116-7309,pglasscockkl@yahoo.co.jp
Whitaker,Thirtle,933 Southridge Hill,,New Orleans,LA,70165,504-142-2926,wthirtlekm@google.co.uk
Evangelin,Digan,5 Katie Center,,Meridian,MS,39305,601-439-5312,edigankn@sogou.com
Audrie,Pighills,45 Delladonna Hill,,Oakland,CA,94611,415-586-2969,apighillsko@i2i.jp
Ileana,Ibarra,3 Bonner Trail,,Seattle,WA,98158,360-933-1823,iibarrakp@joomla.org
Linnet,Lys,8 Carpenter Center,Room 1779,Temple,TX,76505,254-546-2047,llyskq@msn.com
Luigi,Levi,486 Grim Alley,Suite 33,Baton Rouge,LA,70894,225-170-0225,llevikr@printfriendly.com
Fabian,Burdess,7 Schurz Road,,Fargo,ND,58122,701-580-5774,fburdessks@etsy.com
Jimmie,Pomfrett,141 Sutherland Crossing,,Memphis,TN,38143,901-690-0271,jpomfrettkt@pinterest.com
Mercedes,Slader,88669 Dixon Terrace,,White Plains,NY,10633,845-887-9175,msladerku@xing.com
Lewiss,Yakhin,24 Westerfield Drive,,Minneapolis,MN,55446,763-955-4792,lyakhinkv@utexas.edu
Evangelina,Rawood,44129 Comanche Court,,Waterbury,CT,06726,203-740-5576,erawoodkw@who.int
Calida,McMurthy,032 Thierer Park,,Torrance,CA,90505,310-402-0412,cmcmurthykx@mapy.cz
Danica,Moger,3453 Main Hill,,New York City,NY,10175,646-307-8863,dmogerky@dion.ne.jp
Eustacia,Rush,2 Lukken Point,Suite 38,Harrisburg,PA,17105,717-158-3489,erushkz@twitpic.com
Darice,Rosewall,04077 Sachs Drive,,Charlotte,NC,28299,704-237-7648,drosewalll0@hexun.com
Norean,Jerrome,2 Arrowood Park,,Kansas City,MO,64130,816-331-3411,njerromel1@php.net
Aundrea,Bunyan,8885 Fremont Point,,Cincinnati,OH,45218,513-854-6612,abunyanl2@tinyurl.com
Eachelle,Hasloch,4399 Dixon Street,,Savannah,GA,31405,912-320-1943,ehaslochl3@unc.edu
Yulma,Austwick,164 Prairie Rose Circle,,Miami,FL,33111,786-421-6824,yaustwickl4@blogspot.com
Matthus,Lyddyard,10347 Prairie Rose Pass,,Peoria,IL,61605,,mlyddyardl5@quantcast.com
Romonda,Melmar,7590 Bluejay Trail,,Miami,FL,33147,,rmelmarl6@guardian.co.uk
Callean,Salomon,785 Crest Line Pass,,San Antonio,TX,78220,210-256-9585,csalomonl7@pbs.org
Reyna,Klicher,2 Del Sol Terrace,,Lincoln,NE,68583,402-728-6468,rklicherl8@state.gov
Julissa,Mordon,917 Weeping Birch Point,,Spokane,WA,99215,,jmordonl9@163.com
Patty,Havock,85 Loftsgordon Place,,Huntsville,TX,77343,936-242-1398,phavockla@vk.com
Emmalynn,Miners,5 Novick Avenue,,Jamaica,NY,11480,917-702-0887,eminerslb@slideshare.net
Helene,Spoward,757 Grayhawk Crossing,,Kansas City,MO,64199,816-486-0515,hspowardlc@slate.com
Bird,Burrows,283 Warrior Parkway,,Detroit,MI,48267,313-819-5080,bburrowsld@google.pl
Roddy,Albin,5 Bultman Terrace,,Port Saint Lucie,FL,34985,772-599-4451,ralbinle@sun.com
Philippa,Giffard,2671 Mccormick Trail,,Akron,OH,44321,330-998-0302,pgiffardlf@wikipedia.org
Moss,Peoples,27877 Northridge Crossing,,Fort Wayne,IN,46896,260-164-6250,mpeopleslg@merriam-webster.com
Malvin,Place,3 Pleasure Park,,Lexington,KY,40505,859-451-9698,mplacelh@hao123.com
Krishna,Hayworth,5011 Badeau Circle,,San Jose,CA,95160,408-527-0350,khayworthli@mlb.com
Merrili,Hurne,09107 Marcy Alley,,Albany,NY,12247,518-383-4005,mhurnelj@boston.com
Nealy,Whyffen,64516 Ohio Terrace,,Indianapolis,IN,46226,317-998-2195,nwhyffenlk@baidu.com
Jon,Spinelli,243 Gale Circle,,Sarasota,FL,34276,941-136-4973,jspinellill@jugem.jp
Lisbeth,Bogges,005 Merchant Way,,Modesto,CA,95397,209-484-9277,lboggeslm@discovery.com
Esdras,Rablin,2 Bultman Crossing,,Portland,OR,97232,503-942-3733,erablinln@ocn.ne.jp
Cilka,Wreight,0 Homewood Trail,,Lancaster,CA,93584,661-574-3453,cwreightlo@mashable.com
Saraann,Bartod,6766 Monica Parkway,,Oakland,CA,94616,415-174-7929,sbartodlp@dyndns.org
Skipp,Denge,419 Bultman Plaza,,Saint Louis,MO,63126,636-574-7591,sdengelq@unc.edu
Alexi,Maryan,73 Weeping Birch Drive,,Hialeah,FL,33018,,amaryanlr@twitpic.com
Dorolisa,Pottes,2316 Eagle Crest Trail,,Oklahoma City,OK,73173,,dpottesls@rambler.ru
Lea,Bettlestone,18127 Springview Road,,Silver Spring,MD,20904,202-283-3330,lbettlestonelt@xinhuanet.com
Cthrine,Cosgrive,473 Nevada Point,,New York City,NY,10024,,ccosgrivelu@ow.ly
Milly,Brawley,93 Blue Bill Park Crossing,,Fairbanks,AK,99709,907-960-4388,mbrawleylv@opensource.org
Pietra,Vanes,548 Sutteridge Way,,Albany,NY,12232,518-952-9384,pvaneslw@wikipedia.org
Blithe,Hedney,6388 Farmco Parkway,,San Francisco,CA,94132,415-123-2131,bhedneylx@thetimes.co.uk
Maggy,Burness,552 Walton Circle,,San Antonio,TX,78296,210-968-8229,mburnessly@cargocollective.com
Fredrika,Smeeth,8521 Sunfield Circle,,Hialeah,FL,33013,305-738-2280,fsmeethlz@twitpic.com
Jean,Hannigan,46 Buell Way,,Miami,FL,33196,786-798-6198,jhanniganm0@forbes.com
Morse,Braun,5016 Lerdahl Parkway,,Detroit,MI,48275,,mbraunm1@ibm.com
Erminia,Hercules,0 Dunning Point,,Montgomery,AL,36195,334-287-8375,eherculesm2@myspace.com
Anna-maria,MacTrustam,0175 Lakewood Gardens Way,,Tucson,AZ,85748,520-445-2926,amactrustamm3@github.com
Laryssa,Alliband,1 Old Shore Circle,,Montpelier,VT,05609,802-207-8405,lallibandm4@bbc.co.uk
Brynna,Sterte,1100 Gerald Hill,,Phoenix,AZ,85077,602-702-7704,bstertem5@creativecommons.org
Kayla,Hakes,96274 Harper Street,,Philadelphia,PA,19115,267-972-5164,khakesm6@msn.com
Maddalena,Grunwald,18 Division Trail,,Des Moines,IA,50347,,mgrunwaldm7@typepad.com
Melisenda,Dunnett,8 Debra Way,,Milwaukee,WI,53234,414-702-6153,mdunnettm8@redcross.org
Toddy,Pomfrett,38 Blue Bill Park Drive,,Buffalo,NY,14205,716-602-6114,tpomfrettm9@washington.edu
Felice,Meneely,6134 Dexter Plaza,,Hot Springs National Park,AR,71914,,fmeneelyma@sfgate.com
Sancho,Gratrex,664 Merry Road,,Memphis,TN,38109,,sgratrexmb@about.me
Carri,Runnett,3864 Michigan Road,,Honolulu,HI,96845,808-178-6019,crunnettmc@altervista.org
Noah,Croyser,7 Forest Park,,Evansville,IN,47732,,ncroysermd@hatena.ne.jp
Caty,Bristoe,9958 Hudson Hill,,Daytona Beach,FL,32128,386-809-8417,cbristoeme@moonfruit.com
Eilis,Earengey,79688 Manitowish Terrace,,Punta Gorda,FL,33982,941-788-9743,eearengeymf@globo.com
Lurleen,Delamaine,54672 Weeping Birch Point,,Fairbanks,AK,99790,907-479-3372,ldelamainemg@reference.com
Nollie,Draycott,1 Vera Road,,Charleston,SC,29411,843-173-8701,ndraycottmh@webmd.com
Constantina,Blanch,94 Shasta Plaza,,San Diego,CA,92105,619-916-7059,cblanchmi@g.co
Laurens,Quye,31 Oriole Park,,Indianapolis,IN,46202,317-126-2642,lquyemj@baidu.com
Wilmer,Yorkston,0 Northfield Crossing,,Troy,MI,48098,,wyorkstonmk@seattletimes.com
Anitra,Wythill,2 Clarendon Lane,,Wilmington,DE,19892,,awythillml@51.la
Paulie,Ritson,5765 Buhler Center,,Portland,OR,97211,503-957-3813,pritsonmm@apple.com
Svend,Bradberry,24529 Huxley Junction,,Houston,TX,77293,281-211-4680,sbradberrymn@ibm.com
Roseanna,Scruby,162 Buena Vista Drive,,Salt Lake City,UT,84115,,rscrubymo@cisco.com
Spike,Erington,40 Pearson Park,,Toledo,OH,43656,419-212-2120,seringtonmp@fotki.com
Hort,Bertouloume,772 Hazelcrest Circle,,Charleston,WV,25321,304-370-4860,hbertouloumemq@irs.gov
Raffarty,Skip,86774 Merry Terrace,,Orlando,FL,32859,,rskipmr@w3.org
Deny,McLoughlin,6386 Sunfield Hill,,Dayton,OH,45432,937-447-4708,dmcloughlinms@umn.edu
Myrilla,Plitz,929 Iowa Plaza,,Boise,ID,83757,208-458-3934,mplitzmt@dropbox.com
Lorri,Dunseath,5 Sunnyside Point,,Kansas City,MO,64193,,ldunseathmu@mapy.cz
Bendick,Anderton,803 Eggendart Hill,,San Antonio,TX,78250,210-765-8837,bandertonmv@dailymotion.com
Jaquenetta,Hallgath,00792 Springs Park,,Clearwater,FL,33763,727-141-8126,jhallgathmw@themeforest.net
Deeanne,Arnould,2058 Moose Trail,,Tulsa,OK,74141,918-362-7061,darnouldmx@dagondesign.com
Jarad,Bonnett,45952 Forest Run Way,,Portsmouth,VA,23705,757-428-0005,jbonnettmy@comcast.net
Cyndy,Shoubridge,79 Michigan Court,,Canton,OH,44720,234-155-7151,cshoubridgemz@ft.com
Juline,Binks,604 Chinook Point,,Canton,OH,44705,330-499-8065,jbinksn0@adobe.com
Cristie,Berisford,95610 Clemons Alley,,Evansville,IN,47712,812-685-8981,cberisfordn1@smugmug.com
Neala,Callendar,5156 International Parkway,,Lincoln,NE,68517,,ncallendarn2@smugmug.com
Sharlene,McRobert,3 Gateway Point,,Shreveport,LA,71137,318-997-4383,smcrobertn3@networksolutions.com
Bee,Ivashin,5 Butternut Pass,,Alexandria,VA,22313,571-336-8497,bivashinn4@weather.com
Trueman,Curedale,48632 Monterey Point,,Detroit,MI,48258,,tcuredalen5@google.de
Clarette,Aiston,79 Rieder Park,,Bloomington,IN,47405,812-979-7320,caistonn6@icq.com
Garrott,Dumingos,58213 Blaine Plaza,,Durham,NC,27717,919-774-6584,gdumingosn7@scientificamerican.com
Charlotte,Burchall,14 Service Alley,19th Floor,Salt Lake City,UT,84170,801-458-9916,cburchalln8@shop-pro.jp
Westbrook,McCrohon,428 Milwaukee Lane,,El Paso,TX,79911,915-219-6692,wmccrohonn9@over-blog.com
Kelcie,Taile,4904 Holmberg Terrace,,Fort Worth,TX,76178,682-352-6498,ktailena@adobe.com
Ancell,O'Driscoll,95275 Debs Hill,,Houston,TX,77025,,aodriscollnb@yellowpages.com
Bliss,Muffitt,30759 Luster Drive,,San Francisco,CA,94154,,bmuffittnc@statcounter.com
Jacob,Hunston,587 Stuart Circle,,Lynchburg,VA,24503,,jhunstonnd@blogs.com
Barnabe,Dunton,98 Mayer Center,,Melbourne,FL,32919,321-188-7313,bduntonne@t-online.de
Christian,Gibbs,8 Saint Paul Plaza,,Gaithersburg,MD,20883,240-383-1341,cgibbsnf@elpais.com
Merralee,Beers,6323 Towne Alley,,Charlotte,NC,28242,,mbeersng@ovh.net
Emmet,Sperwell,1 Basil Junction,,Oakland,CA,94611,510-131-2811,esperwellnh@shareasale.com
Trudey,Paxman,84054 Lyons Pass,,Newark,NJ,07188,862-365-4074,tpaxmanni@chicagotribune.com
Kean,Bannister,59 Anniversary Pass,,San Jose,CA,95133,408-507-1167,kbannisternj@dailymail.co.uk
Frasco,Ballston,02817 Heath Court,Apt 447,Raleigh,NC,27635,919-982-3243,fballstonnk@dell.com
Kristien,Hanson,36 Pawling Trail,,Hartford,CT,06145,860-141-9528,khansonnl@auda.org.au
Vinnie,Caplin,4 Delladonna Junction,,Topeka,KS,66606,785-980-3509,vcaplinnm@fotki.com
Marissa,Ferrolli,6 Chive Avenue,,Charleston,WV,25389,304-626-9664,mferrollinn@purevolume.com
Collette,Barthelemy,80 Eastlawn Lane,,Hampton,VA,23663,804-825-6547,cbarthelemyno@rambler.ru
Urban,Cashley,1583 Ramsey Place,,Saint Louis,MO,63116,,ucashleynp@forbes.com
Saleem,Dimanche,2 Transport Hill,,Memphis,TN,38188,901-374-0766,sdimanchenq@digg.com
Clotilda,Blaskett,77485 Aberg Place,,Colorado Springs,CO,80915,719-613-5929,cblaskettnr@sfgate.com
Angelina,Ancliff,0 Menomonie Trail,,Phoenix,AZ,85083,602-704-8114,aancliffns@ca.gov
Joell,Joll,7 Shopko Court,,Decatur,GA,30089,404-918-4694,jjollnt@phoca.cz
Grantham,Weond,91905 Miller Point,,Corpus Christi,TX,78405,,gweondnu@webmd.com
Dar,Monkley,4 Dakota Lane,,Corona,CA,92878,951-817-3256,dmonkleynv@who.int
Guglielma,Cardero,261 Crownhardt Center,,Honolulu,HI,96810,808-410-4007,gcarderonw@ebay.co.uk
Torin,Routham,830 Buhler Place,,Raleigh,NC,27605,919-596-8539,trouthamnx@altervista.org
Nevile,Kapelhof,65 Homewood Point,,Springfield,IL,62756,217-608-9291,nkapelhofny@xinhuanet.com
Bradan,Stoter,3595 Bunting Trail,,Washington,DC,20220,,bstoternz@ifeng.com
Adda,Bennedick,7 Helena Circle,,Washington,DC,20220,202-586-7686,abennedicko0@google.co.jp
Pamelina,Syplus,16584 Union Drive,,North Hollywood,CA,91616,213-656-6511,psypluso1@parallels.com
Bert,Wolfarth,937 Bowman Park,,Boston,MA,02114,617-898-8186,bwolfartho2@vkontakte.ru
Lorene,Kroll,073 Glendale Point,,Fort Worth,TX,76198,,lkrollo3@merriam-webster.com
Bamby,Simoncini,97 Anthes Terrace,Room 398,Cleveland,OH,44125,216-166-8681,bsimoncinio4@amazon.co.uk
Gunner,Genders,8866 Eagan Court,,Fairfax,VA,22036,,ggenderso5@springer.com
Edlin,Easton,2 Ridgeway Hill,,Hartford,CT,06105,860-689-7078,eeastono6@uiuc.edu
Ced,Zold,056 Pennsylvania Circle,,Baltimore,MD,21211,443-911-2562,czoldo7@dyndns.org
Elisha,Dennick,0217 Rowland Road,,Omaha,NE,68117,402-150-5075,edennicko8@sina.com.cn
Therine,Rosenfelder,9 Declaration Terrace,,Lynchburg,VA,24515,434-402-7990,trosenfeldero9@google.com.au
Alleen,Stode,20 Dakota Park,PO Box 87803,Syracuse,NY,13205,315-171-4432,astodeoa@mysql.com
Boycey,Udey,388 Norway Maple Circle,Room 1486,Bakersfield,CA,93311,661-748-0408,budeyob@nature.com
Lyn,Tewkesbury,9 3rd Center,,Fresno,CA,93726,209-790-5056,ltewkesburyoc@jigsy.com
Fowler,Estcot,9 Montana Lane,,Grand Rapids,MI,49560,616-216-7975,festcotod@cargocollective.com
Graehme,Barbrook,05916 Upham Trail,Room 1135,Sacramento,CA,94207,916-749-1120,gbarbrookoe@youtu.be
Melvin,Brewins,66886 Shoshone Junction,,San Jose,CA,95173,408-846-4258,mbrewinsof@usgs.gov
Bel,Corbert,2 Schmedeman Park,,Pueblo,CO,81010,,bcorbertog@bravesites.com
Wynn,Oldnall,0 Kinsman Pass,,South Bend,IN,46634,574-600-5608,woldnalloh@istockphoto.com
Eudora,Houseman,57510 Sycamore Lane,,Columbia,MO,65218,,ehousemanoi@typepad.com
Curtis,Cheesley,7281 Dunning Circle,,Aurora,CO,80015,720-638-5995,ccheesleyoj@nsw.gov.au
Latashia,Eilles,907 Bayside Lane,,Louisville,KY,40205,502-517-0989,leillesok@slashdot.org
Borg,Mushart,66148 Dexter Park,,Pittsburgh,PA,15250,412-234-7274,bmushartol@devhub.com
Dorie,Doran,0 Meadow Valley Junction,,Miami,FL,33245,,ddoranom@bandcamp.com
Gran,Offin,544 Petterle Trail,,Amarillo,TX,79188,,goffinon@nyu.edu
Dana,Bown,7492 Swallow Avenue,Suite 35,South Bend,IN,46620,574-149-4414,dbownoo@reverbnation.com
Vanessa,Slewcock,914 Swallow Lane,,New Orleans,LA,70160,,vslewcockop@joomla.org
George,Lackeye,16845 Porter Trail,,Norwalk,CT,06859,203-513-5068,glackeyeoq@webeden.co.uk
Mathian,Melarkey,23 Oxford Park,,Houston,TX,77030,281-568-3547,mmelarkeyor@google.ru
Burch,Barts,01427 Armistice Circle,,Muncie,IN,47306,765-685-3137,bbartsos@uiuc.edu
Yul,Toward,2 Almo Parkway,,Las Vegas,NV,89193,702-980-6822,ytowardot@reuters.com
Marris,Relf,443 Southridge Hill,,Honolulu,HI,96810,,mrelfou@sogou.com
Boigie,Falshaw,5664 Declaration Street,,Minneapolis,MN,55428,763-963-5307,bfalshawov@free.fr
Kris,Sabine,62 Westport Center,,Washington,DC,20036,202-108-7065,ksabineow@dot.gov
Ros,Poole,4313 Butterfield Junction,,Oklahoma City,OK,73167,405-821-8326,rpooleox@sciencedaily.com
Guss,Bowmen,1615 Cherokee Center,,Rochester,NY,14624,585-112-2503,gbowmenoy@skyrock.com
Madelene,Gomersall,23 Hansons Point,,Falls Church,VA,22047,571-861-8579,mgomersalloz@princeton.edu
Bram,Orcott,7007 Westend Place,,Fresno,CA,93750,559-847-4941,borcottp0@blogtalkradio.com
Tamqrah,Leathem,89 Eagle Crest Terrace,,Prescott,AZ,86305,928-990-4324,tleathemp1@stanford.edu
Nathanial,Swadlin,16 Mayfield Alley,,Washington,DC,20041,703-958-7492,nswadlinp2@domainmarket.com
Weylin,Willcot,18 American Ash Trail,,Atlanta,GA,30311,404-840-8173,wwillcotp3@virginia.edu
Cammy,Quenby,19341 Drewry Street,,Birmingham,AL,35231,205-738-6050,cquenbyp4@people.com.cn
Maximilien,Flintiff,9861 Carioca Court,Suite 91,Dallas,TX,75372,214-178-9575,mflintiffp5@geocities.com
Ralph,Rozenzweig,23945 Sage Pass,,Roanoke,VA,24009,540-214-3151,rrozenzweigp6@dropbox.com
Gino,Hulbert,46522 Nova Avenue,,Watertown,MA,02472,978-388-0527,ghulbertp7@hao123.com
Rhonda,Yurasov,6 Fremont Avenue,,Omaha,NE,68110,402-886-9685,ryurasovp8@acquirethisname.com
Quint,Emeny,088 Elmside Road,,Washington,DC,20525,202-276-5174,qemenyp9@meetup.com
Phylis,Compston,48 Bayside Junction,,Henderson,NV,89012,702-915-2931,pcompstonpa@latimes.com
Agosto,Chazelle,4463 Jana Road,,San Francisco,CA,94126,415-464-5604,achazellepb@sina.com.cn
Merissa,Rabbatts,7673 Pond Hill,,Marietta,GA,30066,678-947-5279,mrabbattspc@vkontakte.ru
Daniela,Matussov,4 Portage Way,,Akron,OH,44393,234-580-4971,dmatussovpd@chronoengine.com
Avery,Bortolini,9 Debra Hill,,Portland,OR,97211,503-618-0594,abortolinipe@macromedia.com
Ferrel,Zouch,714 Havey Circle,,Greensboro,NC,27404,336-291-3769,fzouchpf@prweb.com
Myrle,Tyreman,02 5th Junction,,Anchorage,AK,99507,907-752-4739,mtyremanpg@unc.edu
Berti,Moughton,130 Stang Alley,,Louisville,KY,40266,,bmoughtonph@blogs.com
Butch,Extence,5274 6th Circle,,Sioux Falls,SD,57105,605-406-0312,bextencepi@posterous.com
Carolina,Quinevan,7 Dovetail Terrace,Suite 54,Wichita,KS,67220,316-170-2206,cquinevanpj@live.com
Fianna,Bohje,26 Dunning Lane,,Buffalo,NY,14210,716-921-9482,fbohjepk@wix.com
Angeli,De la Yglesia,647 Susan Avenue,,Saint Louis,MO,63136,314-988-2772,adelayglesiapl@huffingtonpost.com
Luther,Telling,923 Vera Pass,,Birmingham,AL,35279,205-589-5339,ltellingpm@bing.com
Tiebout,Crowth,8026 Randy Junction,,Paterson,NJ,07505,862-947-8764,tcrowthpn@delicious.com
Pennie,Osborn,477 Manufacturers Point,,San Diego,CA,92145,619-561-8198,posbornpo@artisteer.com
Noellyn,Hickford,04 Sutherland Place,,Pittsburgh,PA,15225,412-223-2359,nhickfordpp@wordpress.com
Shayne,Tilford,020 Muir Place,Apt 1866,Biloxi,MS,39534,228-653-2231,stilfordpq@blinklist.com
Jared,Softley,6 Dovetail Road,,Flint,MI,48550,810-268-1534,jsoftleypr@shinystat.com
Moishe,Dawtrey,573 Sycamore Place,,Bismarck,ND,58505,,mdawtreyps@plala.or.jp
Susette,Berrecloth,620 1st Place,,Birmingham,AL,35244,205-874-0391,sberreclothpt@blogger.com
Web,Novill,782 Surrey Road,,Charlotte,NC,28210,704-408-1852,wnovillpu@soup.io
Barris,Kendal,72103 Elmside Place,,Metairie,LA,70033,504-852-7548,bkendalpv@home.pl
Pammy,Arrigo,259 Del Sol Pass,,Arlington,TX,76096,817-211-1046,parrigopw@wordpress.org
Mela,Chyuerton,22 Garrison Place,,Pittsburgh,PA,15210,,mchyuertonpx@friendfeed.com
Ruthann,Dering,298 Mariners Cove Court,,Cincinnati,OH,45213,513-780-0178,rderingpy@geocities.com
Igor,Wethered,020 Talisman Court,,Shreveport,LA,71105,318-700-8813,iwetheredpz@unicef.org
Marcille,Galbraith,1842 Bunker Hill Park,,Wichita,KS,67230,316-183-8045,mgalbraithq0@weibo.com
Pippo,Brotherhood,4 Coolidge Junction,,Miami,FL,33134,,pbrotherhoodq1@dedecms.com
Henriette,Fulger,63744 Main Plaza,,Shreveport,LA,71161,318-625-3629,hfulgerq2@addthis.com
Clarie,Ferrao,04 Northport Park,,Richmond,VA,23225,540-496-9337,cferraoq3@comcast.net
Susana,Neal,50701 4th Plaza,,Des Moines,IA,50335,515-735-9402,snealq4@rediff.com
Hilliard,Divis,4389 Waywood Junction,,Cleveland,OH,44197,216-879-3468,hdivisq5@sciencedaily.com
Vida,Dibling,05 Messerschmidt Center,,South Bend,IN,46614,,vdiblingq6@auda.org.au
Trev,Shardlow,289 Havey Way,Room 1916,Denton,TX,76205,682-209-5223,tshardlowq7@netscape.com
Shantee,Measey,10617 Macpherson Pass,,Las Vegas,NV,89140,702-108-2928,smeaseyq8@bloglines.com
Rozella,Gilroy,4 Pleasure Hill,,Springfield,MA,01129,413-850-1145,rgilroyq9@gizmodo.com
Laure,Crossman,85 Lindbergh Street,,Fargo,ND,58106,,lcrossmanqa@usnews.com
Brande,Lavin,1 Jay Parkway,,Danbury,CT,06816,203-266-8005,blavinqb@sogou.com
Alice,Kynton,7 Everett Parkway,Apt 1851,Los Angeles,CA,90060,323-392-1553,akyntonqc@nature.com
May,Saffran,64 Fairview Crossing,Apt 859,Kansas City,KS,66105,913-839-7066,msaffranqd@nytimes.com
Marris,Revell,5349 Shelley Park,,Saint Augustine,FL,32092,,mrevellqe@google.com
Jasper,Blaszczynski,195 Parkside Court,,Birmingham,AL,35220,,jblaszczynskiqf@taobao.com
Carole,Gannicott,63268 Elgar Park,,Atlanta,GA,30306,,cgannicottqg@miibeian.gov.cn
Janka,Myhan,03 Burrows Park,,Waco,TX,76711,254-518-5367,jmyhanqh@spotify.com
Pamela,Nolan,7314 Banding Crossing,,Springfield,VA,22156,571-977-8337,pnolanqi@dagondesign.com
Miguelita,Coulman,2 Monica Center,,San Francisco,CA,94177,,mcoulmanqj@hao123.com
Trumaine,Bateson,5845 Kennedy Junction,,Newark,NJ,07112,973-131-8107,tbatesonqk@flickr.com
Eldin,Shawyer,54306 Dayton Park,,San Diego,CA,92165,619-871-9411,eshawyerql@vimeo.com
Jessy,Hadlee,94 Prairieview Junction,,Tacoma,WA,98405,253-269-3645,jhadleeqm@linkedin.com
Kirsteni,Gendricke,9 Becker Parkway,Apt 1296,Washington,DC,20210,,kgendrickeqn@wsj.com
Cyrus,Bonanno,72 Onsgard Road,,San Antonio,TX,78291,,cbonannoqo@geocities.com
Dell,Trew,0555 Westend Terrace,,Lakewood,WA,98498,253-928-7157,dtrewqp@elegantthemes.com
Dona,Hiddy,641 Laurel Junction,,Rochester,MN,55905,,dhiddyqq@umich.edu
Elisha,Stollsteiner,292 Artisan Center,,Saint Louis,MO,63196,,estollsteinerqr@vimeo.com
Scot,Spondley,74917 Mayer Hill,18th Floor,Milwaukee,WI,53215,,sspondleyqs@cnbc.com
Robbin,Vaux,5027 Forest Run Circle,,New York City,NY,10292,212-542-6052,rvauxqt@nsw.gov.au
Cecelia,Riccione,5727 Golf Trail,,New York City,NY,10004,212-114-6878,criccionequ@marketwatch.com
Alistair,Muris,546 Loeprich Hill,,Topeka,KS,66699,785-643-5074,amurisqv@blogs.com
Currie,Gutman,207 Hudson Street,,Minneapolis,MN,55480,612-805-1634,cgutmanqw@ow.ly
Charlotte,Propper,8 Anderson Crossing,,Inglewood,CA,90310,310-782-6970,cpropperqx@altervista.org
Marie,Bazylets,80 Mallard Drive,,Louisville,KY,40233,502-562-9135,mbazyletsqy@craigslist.org
Rabi,Struis,54 Forest Run Parkway,Suite 22,Kingsport,TN,37665,423-465-1705,rstruisqz@usnews.com
Myron,Leet,88631 Grayhawk Parkway,,Garland,TX,75044,214-933-3810,mleetr0@flickr.com
Magdalene,Bestiman,84 Clove Place,,Fort Worth,TX,76178,682-783-4773,mbestimanr1@jimdo.com
Annalee,Colegrove,825 Meadow Ridge Drive,,Washington,DC,56944,202-344-6040,acolegrover2@blogtalkradio.com
Charyl,Gores,9 Clarendon Junction,,Springfield,MO,65805,417-206-2377,cgoresr3@nyu.edu
Tabatha,Turley,118 Mallard Place,,Gilbert,AZ,85297,602-382-2383,tturleyr4@163.com
Fanni,Rubega,0 New Castle Pass,PO Box 2241,Salem,OR,97312,,frubegar5@dedecms.com
Timofei,Penchen,7 Springview Pass,,Austin,TX,78710,,tpenchenr6@upenn.edu
Tymothy,Quilty,7 Claremont Crossing,,Seattle,WA,98175,206-928-8370,tquiltyr7@nyu.edu
Farrell,Landes,97353 Kropf Hill,,Southfield,MI,48076,810-221-0191,flandesr8@woothemes.com
Jamie,Mitchard,4784 Kropf Way,PO Box 25125,Seattle,WA,98127,206-394-1034,jmitchardr9@blogtalkradio.com
Danita,Emmanueli,06 Meadow Vale Park,,Atlanta,GA,30356,404-131-7573,demmanuelira@1und1.de
Caterina,Methven,2 Lerdahl Street,,Ocala,FL,34479,,cmethvenrb@w3.org
Dione,Genever,2 Morning Parkway,,Baltimore,MD,21281,410-296-3486,dgeneverrc@npr.org
Michael,Cottle,28 Magdeline Junction,PO Box 45363,Vancouver,WA,98687,360-645-5214,mcottlerd@umich.edu
Sal,Merigeau,4595 Stuart Alley,,Sacramento,CA,94207,,smerigeaure@tuttocitta.it
Sandi,Ouver,59982 Brentwood Lane,,Miami,FL,33142,,souverrf@earthlink.net
Catherin,Boodle,608 Oriole Way,,Las Vegas,NV,89135,702-383-6754,cboodlerg@tripadvisor.com
Lucila,Muzzlewhite,27855 Stephen Circle,,Corpus Christi,TX,78410,361-115-4900,lmuzzlewhiterh@umich.edu
Deny,Stallion,75251 Charing Cross Way,Room 766,Muskegon,MI,49444,231-833-8852,dstallionri@friendfeed.com
Rafaello,Minshaw,4 Corscot Parkway,,Detroit,MI,48206,810-720-7490,rminshawrj@answers.com
Emmi,Skettles,21297 Del Sol Pass,,Amarillo,TX,79171,806-572-2569,eskettlesrk@over-blog.com
Shara,Ealam,99 Pine View Court,,Grand Junction,CO,81505,,sealamrl@bing.com
Ginnifer,Martinetto,51 8th Way,,Jacksonville,FL,32230,904-329-8351,gmartinettorm@yellowpages.com
Jeralee,Cassin,76 Hovde Parkway,PO Box 58601,Pittsburgh,PA,15255,412-287-1045,jcassinrn@sphinn.com
Euphemia,Epelett,96 Milwaukee Avenue,,Tyler,TX,75710,903-681-4145,eepelettro@blog.com
Jessie,Fisby,9459 Rutledge Place,,Des Moines,IA,50362,,jfisbyrp@jiathis.com
Lonnie,Djuricic,18 Harper Center,,Spring,TX,77386,281-839-5298,ldjuricicrq@columbia.edu
Tarah,Tafani,10 Crescent Oaks Road,Room 271,Toledo,OH,43610,419-578-8537,ttafanirr@freewebs.com
